junc.id	all_n40	max.tcga	GTEx_all_n50	GTEx_all_but_ts_n48	Brain_n3	min.gtex
chr10:+:17233682-17233778	0.1	0.1	0	0	0	0
chr10:+:69451690-69495593	0.175	0.175	0	0	0	0
chr10:+:69495689-69498208	0.1	0.1	0	0	0	0
chr10:+:78037441-78040614	0.5	0.5	0	0	0	0
chr10:+:79110760-79118914	0.1	0.1	0	0	0	0
chr10:+:79139777-79162055	0.3	0.3	0	0	0	0
chr10:+:79157024-79157054	0.1	0.1	0	0	0	0
chr10:+:79242969-79277180	0.4	0.4	0	0	0	0
chr10:+:79307571-79312641	0.9	0.9	0	0	0	0
chr10:+:8069598-8073746	0.375	0.375	0	0	0	0
chr10:-:101810314-101812247	0.175	0.175	0	0	0	0
chr10:-:101812380-101813029	0.25	0.25	0	0	0	0
chr10:-:119042167-119042287	0.675	0.675	0	0	0	0
chr10:-:119042185-119042245	0.125	0.125	0	0	0	0
chr10:-:119071005-119072889	0.15	0.15	0	0	0	0
chr10:-:21806099-21879743	0.15	0.15	0	0	0	0
chr10:-:21879883-21882281	0.5	0.5	0	0	0	0
chr10:-:43387338-43387632	0.175	0.175	0	0	0	0
chr10:-:43387936-43391312	0.125	0.125	0	0	0	0
chr10:-:71817161-71819780	0.125	0.125	0	0	0	0
chr10:-:71819102-71819464	0.1	0.1	0	0	0	0
chr10:-:71819828-71828954	0.125	0.125	0	0	0	0
chr10:-:71819896-71820239	0.325	0.325	0	0	0	0
chr10:-:71820332-71821875	0.525	0.525	0	0	0	0
chr10:-:71823893-71825836	0.1	0.1	0	0	0	0
chr10:-:71828906-71831125	0.15	0.15	0	0	0	0
chr10:-:86472344-86473877	0.35	0.35	0	0	0	0
chr10:-:86497301-86499717	0.875	0.875	0	0	0	0
chr10:-:88947053-88947257	0.15	0.15	0	0	0	0
chr10:-:89247649-89251706	0.15	0.15	0	0	0	0
chr10:-:93393474-93396141	0.225	0.225	0	0	0	0
chr10:-:93409739-93431407	0.175	0.175	0	0	0	0
chr10:-:93456937-93460280	0.425	0.425	0	0	0	0
chr10:-:93460351-93482106	0.175	0.175	0	0	0	0
chr11:+:118407097-118409003	0.2	0.2	0	0	0	0
chr11:+:130133728-130140397	0.15	0.15	0	0	0	0
chr11:+:34096592-34099302	0.3	0.3	0	0	0	0
chr11:+:35190065-35198144	0.1	0.1	0	0	0	0
chr11:+:35210054-35211263	0.15	0.15	0	0	0	0
chr11:+:58610334-58610952	0.525	0.525	0	0	0	0
chr11:+:62271059-62272956	0.325	0.325	0	0	0	0
chr11:+:64241132-64242418	0.1	0.1	0	0	0	0
chr11:+:64318386-64320660	0.4	0.4	0	0	0	0
chr11:+:65581326-65584240	0.15	0.15	0	0	0	0
chr11:+:65581965-65584240	0.45	0.45	0	0	0	0
chr11:+:67121358-67149765	0.1	0.1	0	0	0	0
chr11:+:67279900-67280494	0.1	0.1	0	0	0	0
chr11:+:67608664-67611069	0.125	0.125	0	0	0	0
chr11:+:69652040-69652173	0.225	0.225	0	0	0	0
chr11:+:70409960-70413864	0.15	0.15	0	0	0	0
chr11:+:70409960-70414545	0.275	0.275	0	0	0	0
chr11:+:810039-811596	0.475	0.475	0	0	0	0
chr11:+:812633-812762	0.85	0.85	0	0	0	0
chr11:+:838028-838167	0.15	0.15	0	0	0	0
chr11:+:838367-838553	0.1	0.1	0	0	0	0
chr11:+:8684883-8685701	0.225	0.225	0	0	0	0
chr11:-:102402157-102448811	0.2	0.2	0	0	0	0
chr11:-:104954998-104968518	0.225	0.225	0	0	0	0
chr11:-:10799059-10799212	0.175	0.175	0	0	0	0
chr11:-:10799062-10799212	0.425	0.425	0	0	0	0
chr11:-:10802185-10802293	0.325	0.325	0	0	0	0
chr11:-:10802205-10802293	0.1	0.1	0	0	0	0
chr11:-:118763306-118768222	0.225	0.225	0	0	0	0
chr11:-:118786518-118790886	0.95	0.95	0	0	0	0
chr11:-:118908655-118918825	0.275	0.275	0	0	0	0
chr11:-:119017542-119017957	0.1	0.1	0	0	0	0
chr11:-:123060773-123061119	0.15	0.15	0	0	0	0
chr11:-:17075191-17075453	0.1	0.1	0	0	0	0
chr11:-:1761374-1763791	0.125	0.125	0	0	0	0
chr11:-:2989197-2992253	0.1	0.1	0	0	0	0
chr11:-:47727992-47728363	0.1	0.1	0	0	0	0
chr11:-:47736740-47746055	0.225	0.225	0	0	0	0
chr11:-:47765362-47767062	0.675	0.675	0	0	0	0
chr11:-:57309988-57311484	0.2	0.2	0	0	0	0
chr11:-:61965443-61967311	0.2	0.2	0	0	0	0
chr11:-:61965479-61967311	0.125	0.125	0	0	0	0
chr11:-:61967462-61967551	0.8	0.8	0	0	0	0
chr11:-:62519937-62520321	0.7	0.7	0	0	0	0
chr11:-:62519971-62520355	0.875	0.875	0	0	0	0
chr11:-:62519998-62520382	0.325	0.325	0	0	0	0
chr11:-:62520070-62520454	1	1	0	0	0	0
chr11:-:62520070-62525344	0.225	0.225	0	0	0	0
chr11:-:62520222-62520606	0.1	0.1	0	0	0	0
chr11:-:62520222-62525112	0.125	0.125	0	0	0	0
chr11:-:62520321-62520705	0.2	0.2	0	0	0	0
chr11:-:62520321-62521713	0.375	0.375	0	0	0	0
chr11:-:62520558-62521182	0.475	0.475	0	0	0	0
chr11:-:62520598-62521000	0.175	0.175	0	0	0	0
chr11:-:62520606-62521008	0.275	0.275	0	0	0	0
chr11:-:62520606-62521998	0.15	0.15	0	0	0	0
chr11:-:62520768-62525415	0.125	0.125	0	0	0	0
chr11:-:62520927-62521107	0.1	0.1	0	0	0	0
chr11:-:62520967-62521189	0.325	0.325	0	0	0	0
chr11:-:62521000-62521222	0.3	0.3	0	0	0	0
chr11:-:62521000-62521606	0.675	0.675	0	0	0	0
chr11:-:62521000-62525488	0.1	0.1	0	0	0	0
chr11:-:62521008-62521230	0.45	0.45	0	0	0	0
chr11:-:62521182-62521566	0.35	0.35	0	0	0	0
chr11:-:62521215-62521599	0.225	0.225	0	0	0	0
chr11:-:62521273-62521657	0.375	0.375	0	0	0	0
chr11:-:62521329-62521713	0.925	0.925	0	0	0	0
chr11:-:62521462-62521846	0.475	0.475	0	0	0	0
chr11:-:62521462-62522230	0.45	0.45	0	0	0	0
chr11:-:62521462-62522998	0.15	0.15	0	0	0	0
chr11:-:62521614-62521998	0.225	0.225	0	0	0	0
chr11:-:62521713-62522481	0.1	0.1	0	0	0	0
chr11:-:62521747-62521909	0.25	0.25	0	0	0	0
chr11:-:62521747-62522131	0.525	0.525	0	0	0	0
chr11:-:62521747-62522293	0.2	0.2	0	0	0	0
chr11:-:62521747-62522515	0.3	0.3	0	0	0	0
chr11:-:62521747-62530549	0.1	0.1	0	0	0	0
chr11:-:62521950-62522334	0.375	0.375	0	0	0	0
chr11:-:62521990-62522374	0.125	0.125	0	0	0	0
chr11:-:62522230-62522998	0.4	0.4	0	0	0	0
chr11:-:62522230-62529880	0.15	0.15	0	0	0	0
chr11:-:62522334-62523102	0.125	0.125	0	0	0	0
chr11:-:62522382-62525112	0.125	0.125	0	0	0	0
chr11:-:62522382-62525496	0.1	0.1	0	0	0	0
chr11:-:62522481-62523471	0.125	0.125	0	0	0	0
chr11:-:62522571-62524917	0.1	0.1	0	0	0	0
chr11:-:62522685-62523069	0.175	0.175	0	0	0	0
chr11:-:62522718-62523324	0.125	0.125	0	0	0	0
chr11:-:62522718-62525064	0.25	0.25	0	0	0	0
chr11:-:62522844-62523834	0.4	0.4	0	0	0	0
chr11:-:62522899-62530549	0.125	0.125	0	0	0	0
chr11:-:62522998-62523604	0.55	0.55	0	0	0	0
chr11:-:62522998-62525344	0.575	0.575	0	0	0	0
chr11:-:62522998-62526496	0.175	0.175	0	0	0	0
chr11:-:62522998-62529880	0.2	0.2	0	0	0	0
chr11:-:62522998-62530264	0.2	0.2	0	0	0	0
chr11:-:62523027-62523633	0.2	0.2	0	0	0	0
chr11:-:62523102-62523324	0.475	0.475	0	0	0	0
chr11:-:62523304-62523688	0.3	0.3	0	0	0	0
chr11:-:62523471-62524827	0.2	0.2	0	0	0	0
chr11:-:62523834-62524584	0.15	0.15	0	0	0	0
chr11:-:62523834-62525190	0.55	0.55	0	0	0	0
chr11:-:62524080-62525031	0.1	0.1	0	0	0	0
chr11:-:62524458-62525064	0.15	0.15	0	0	0	0
chr11:-:62524861-62525245	0.65	0.65	0	0	0	0
chr11:-:62524917-62526069	0.175	0.175	0	0	0	0
chr11:-:62525112-62525496	0.775	0.775	0	0	0	0
chr11:-:62525245-62525629	0.15	0.15	0	0	0	0
chr11:-:62525245-62530549	0.5	0.5	0	0	0	0
chr11:-:62525488-62526256	0.125	0.125	0	0	0	0
chr11:-:62525488-62526640	0.2	0.2	0	0	0	0
chr11:-:62525637-62525799	0.525	0.525	0	0	0	0
chr11:-:62525728-62526496	0.15	0.15	0	0	0	0
chr11:-:62525728-62529880	0.15	0.15	0	0	0	0
chr11:-:62526112-62526496	0.425	0.425	0	0	0	0
chr11:-:62526264-62526648	0.5	0.5	0	0	0	0
chr11:-:62526384-62526768	0.15	0.15	0	0	0	0
chr11:-:62526496-62530264	0.1	0.1	0	0	0	0
chr11:-:62526781-62527582	0.15	0.15	0	0	0	0
chr11:-:62526880-62529880	0.4	0.4	0	0	0	0
chr11:-:62527492-62528863	0.475	0.475	0	0	0	0
chr11:-:62527519-62527792	0.1	0.1	0	0	0	0
chr11:-:62527548-62527932	0.1	0.1	0	0	0	0
chr11:-:62527548-62528133	0.575	0.575	0	0	0	0
chr11:-:62527548-62530899	0.225	0.225	0	0	0	0
chr11:-:62527785-62528370	0.675	0.675	0	0	0	0
chr11:-:62527833-62528034	0.3	0.3	0	0	0	0
chr11:-:62527876-62528077	0.65	0.65	0	0	0	0
chr11:-:62527954-62528359	0.125	0.125	0	0	0	0
chr11:-:62527954-62528539	0.375	0.375	0	0	0	0
chr11:-:62527954-62528740	0.5	0.5	0	0	0	0
chr11:-:62527974-62528559	0.725	0.725	0	0	0	0
chr11:-:62528167-62530933	0.475	0.475	0	0	0	0
chr11:-:62528266-62529880	0.15	0.15	0	0	0	0
chr11:-:62528370-62529378	0.525	0.525	0	0	0	0
chr11:-:62528370-62530368	0.175	0.175	0	0	0	0
chr11:-:62528370-62530752	0.25	0.25	0	0	0	0
chr11:-:62528461-62528662	0.55	0.55	0	0	0	0
chr11:-:62528539-62528740	0.725	0.725	0	0	0	0
chr11:-:62528539-62528941	0.15	0.15	0	0	0	0
chr11:-:62528697-62529120	0.125	0.125	0	0	0	0
chr11:-:62528740-62528941	0.925	0.925	0	0	0	0
chr11:-:62528820-62529426	0.25	0.25	0	0	0	0
chr11:-:62528854-62529076	0.45	0.45	0	0	0	0
chr11:-:62528863-62529469	0.1	0.1	0	0	0	0
chr11:-:62529274-62529880	0.45	0.45	0	0	0	0
chr11:-:62529310-62529916	0.475	0.475	0	0	0	0
chr11:-:62529378-62530368	0.15	0.15	0	0	0	0
chr11:-:62529378-62530752	0.45	0.45	0	0	0	0
chr11:-:62529726-62530110	0.425	0.425	0	0	0	0
chr11:-:62529781-62530549	0.35	0.35	0	0	0	0
chr11:-:62529829-62530213	0.35	0.35	0	0	0	0
chr11:-:62529880-62530264	0.925	0.925	0	0	0	0
chr11:-:62529916-62530300	0.9	0.9	0	0	0	0
chr11:-:62529916-62530684	0.4	0.4	0	0	0	0
chr11:-:62529916-62532199	0.675	0.675	0	0	0	0
chr11:-:62529984-62530368	0.225	0.225	0	0	0	0
chr11:-:62530186-62530570	0.375	0.375	0	0	0	0
chr11:-:62530368-62530752	1	1	0	0	0	0
chr11:-:62530549-62530933	0.875	0.875	0	0	0	0
chr11:-:62530576-62530960	0.125	0.125	0	0	0	0
chr11:-:62530933-62531680	0.125	0.125	0	0	0	0
chr11:-:62531506-62531890	0.35	0.35	0	0	0	0
chr11:-:62531547-62531931	0.1	0.1	0	0	0	0
chr11:-:62531590-62531974	0.4	0.4	0	0	0	0
chr11:-:62531808-62532555	0.1	0.1	0	0	0	0
chr11:-:62532064-62532427	0.1	0.1	0	0	0	0
chr11:-:62536567-62544916	0.125	0.125	0	0	0	0
chr11:-:62559827-62560068	0.175	0.175	0	0	0	0
chr11:-:62715607-62716988	0.7	0.7	0	0	0	0
chr11:-:64767738-64767759	0.225	0.225	0	0	0	0
chr11:-:64767823-64768105	0.575	0.575	0	0	0	0
chr11:-:64778149-64778361	0.15	0.15	0	0	0	0
chr11:-:65120806-65120994	0.125	0.125	0	0	0	0
chr11:-:65855273-65855311	0.125	0.125	0	0	0	0
chr11:-:72012934-72013699	0.125	0.125	0	0	0	0
chr11:-:72014970-72015519	0.175	0.175	0	0	0	0
chr11:-:72015861-72016032	0.1	0.1	0	0	0	0
chr11:-:72015906-72017728	0.15	0.15	0	0	0	0
chr11:-:72755049-72755700	0.1	0.1	0	0	0	0
chr11:-:72772133-72772360	0.1	0.1	0	0	0	0
chr11:-:72781010-72781112	0.125	0.125	0	0	0	0
chr11:-:72781294-72782654	0.375	0.375	0	0	0	0
chr11:-:77625815-77629762	0.1	0.1	0	0	0	0
chr11:-:86000773-86001034	0.2	0.2	0	0	0	0
chr12:+:11650160-11752452	0.375	0.375	0	0	0	0
chr12:+:11752579-11826401	0.4	0.4	0	0	0	0
chr12:+:123590449-123594155	0.125	0.125	0	0	0	0
chr12:+:123988138-124004877	0.425	0.425	0	0	0	0
chr12:+:124003540-124004553	0.475	0.475	0	0	0	0
chr12:+:124004654-124004877	0.5	0.5	0	0	0	0
chr12:+:124012594-124012678	0.1	0.1	0	0	0	0
chr12:+:124012762-124012846	0.2	0.2	0	0	0	0
chr12:+:1691213-1754257	0.825	0.825	0	0	0	0
chr12:+:1702982-1754257	0.175	0.175	0	0	0	0
chr12:+:1754514-1769585	0.1	0.1	0	0	0	0
chr12:+:52237389-52237508	0.25	0.25	0	0	0	0
chr12:+:52244611-52245411	0.2	0.2	0	0	0	0
chr12:+:52248636-52248709	0.125	0.125	0	0	0	0
chr12:+:53027919-53028032	0.55	0.55	0	0	0	0
chr12:+:53038411-53039234	0.6	0.6	0	0	0	0
chr12:+:53442733-53443395	0.3	0.3	0	0	0	0
chr12:+:53452376-53454749	0.7	0.7	0	0	0	0
chr12:+:53454869-53455350	0.175	0.175	0	0	0	0
chr12:+:53455370-53455464	0.15	0.15	0	0	0	0
chr12:+:53456001-53458350	0.15	0.15	0	0	0	0
chr12:+:53456001-53461014	0.4	0.4	0	0	0	0
chr12:+:53459403-53461021	0.4	0.4	0	0	0	0
chr12:+:53462567-53464764	0.275	0.275	0	0	0	0
chr12:+:53467293-53468779	0.525	0.525	0	0	0	0
chr12:+:53467827-53468779	0.125	0.125	0	0	0	0
chr12:+:54282611-54282647	0.125	0.125	0	0	0	0
chr12:+:56106716-56107051	0.1	0.1	0	0	0	0
chr12:+:56116799-56117193	0.275	0.275	0	0	0	0
chr12:+:56116799-56117197	0.7	0.7	0	0	0	0
chr12:+:56158711-56159588	0.5	0.5	0	0	0	0
chr12:+:56158711-56159594	0.225	0.225	0	0	0	0
chr12:+:56158920-56159586	0.3	0.3	0	0	0	0
chr12:+:56160153-56160247	0.1	0.1	0	0	0	0
chr12:+:57166209-57166966	0.125	0.125	0	0	0	0
chr12:+:57180479-57180674	0.1	0.1	0	0	0	0
chr12:+:57203287-57203392	0.2	0.2	0	0	0	0
chr12:+:57494621-57506965	0.55	0.55	0	0	0	0
chr12:+:57529329-57529933	0.125	0.125	0	0	0	0
chr12:+:6769674-6769923	0.675	0.675	0	0	0	0
chr12:+:6769674-6769941	0.125	0.125	0	0	0	0
chr12:+:6769674-6769974	0.1	0.1	0	0	0	0
chr12:+:6769999-6770171	0.1	0.1	0	0	0	0
chr12:+:6769999-6770174	0.15	0.15	0	0	0	0
chr12:+:69260197-69262369	1	1	0	0	0	0
chr12:+:6928384-6933855	0.425	0.425	0	0	0	0
chr12:+:6928384-6933867	0.125	0.125	0	0	0	0
chr12:+:6934313-6934467	0.1	0.1	0	0	0	0
chr12:+:6934578-6935549	1	1	0	0	0	0
chr12:+:69593103-69593537	0.1	0.1	0	0	0	0
chr12:+:7067768-7068455	0.225	0.225	0	0	0	0
chr12:+:827262-829919	0.225	0.225	0	0	0	0
chr12:-:10702131-10704050	0.1	0.1	0	0	0	0
chr12:-:108653181-108654305	0.1	0.1	0	0	0	0
chr12:-:110436201-110436556	0.425	0.425	0	0	0	0
chr12:-:120149713-120149921	0.15	0.15	0	0	0	0
chr12:-:120177550-120177683	0.125	0.125	0	0	0	0
chr12:-:122380558-122417326	0.1	0.1	0	0	0	0
chr12:-:124335632-124336638	0.325	0.325	0	0	0	0
chr12:-:124337180-124339996	0.325	0.325	0	0	0	0
chr12:-:124340097-124340204	0.1	0.1	0	0	0	0
chr12:-:124354196-124354836	0.125	0.125	0	0	0	0
chr12:-:124356803-124362125	0.65	0.65	0	0	0	0
chr12:-:124357869-124357964	0.275	0.275	0	0	0	0
chr12:-:124358186-124358366	0.15	0.15	0	0	0	0
chr12:-:124362294-124363678	0.975	0.975	0	0	0	0
chr12:-:124402558-124419956	0.575	0.575	0	0	0	0
chr12:-:124911822-124912506	0.6	0.6	0	0	0	0
chr12:-:124911822-124912734	0.525	0.525	0	0	0	0
chr12:-:124911822-124913190	0.15	0.15	0	0	0	0
chr12:-:124911899-124912583	0.8	0.8	0	0	0	0
chr12:-:124911899-124913039	0.4	0.4	0	0	0	0
chr12:-:124911899-124913267	0.6	0.6	0	0	0	0
chr12:-:124911952-124912408	0.525	0.525	0	0	0	0
chr12:-:124911952-124912636	0.3	0.3	0	0	0	0
chr12:-:124911952-124913092	0.475	0.475	0	0	0	0
chr12:-:124911952-124913548	0.475	0.475	0	0	0	0
chr12:-:124912506-124912734	0.6	0.6	0	0	0	0
chr12:-:124912583-124913267	0.95	0.95	0	0	0	0
chr12:-:124912636-124912864	0.6	0.6	0	0	0	0
chr12:-:124912636-124913092	0.3	0.3	0	0	0	0
chr12:-:124912734-124912962	1	1	0	0	0	0
chr12:-:124912734-124913190	0.4	0.4	0	0	0	0
chr12:-:124912756-124913212	0.3	0.3	0	0	0	0
chr12:-:124912778-124913234	0.1	0.1	0	0	0	0
chr12:-:124912864-124913548	0.1	0.1	0	0	0	0
chr12:-:124912962-124913190	1	1	0	0	0	0
chr12:-:124913039-124913267	0.325	0.325	0	0	0	0
chr12:-:124913039-124913495	0.6	0.6	0	0	0	0
chr12:-:124913092-124913320	0.9	0.9	0	0	0	0
chr12:-:124913190-124913418	1	1	0	0	0	0
chr12:-:124913234-124913462	0.35	0.35	0	0	0	0
chr12:-:124913267-124913723	1	1	0	0	0	0
chr12:-:124913320-124913548	1	1	0	0	0	0
chr12:-:124913440-124913668	0.125	0.125	0	0	0	0
chr12:-:124913495-124913723	0.975	0.975	0	0	0	0
chr12:-:14882997-14885749	0.475	0.475	0	0	0	0
chr12:-:14883000-14885749	0.175	0.175	0	0	0	0
chr12:-:14883031-14885730	0.1	0.1	0	0	0	0
chr12:-:14884245-14885749	0.125	0.125	0	0	0	0
chr12:-:26486356-26487067	0.1	0.1	0	0	0	0
chr12:-:26654082-26655707	0.1	0.1	0	0	0	0
chr12:-:26666051-26669551	0.1	0.1	0	0	0	0
chr12:-:46254936-46256691	0.15	0.15	0	0	0	0
chr12:-:46254936-46268864	0.4	0.4	0	0	0	0
chr12:-:52898809-52898884	0.2	0.2	0	0	0	0
chr12:-:52900062-52900587	0.425	0.425	0	0	0	0
chr12:-:52901910-52901953	0.1	0.1	0	0	0	0
chr12:-:55726759-55726889	0.1	0.1	0	0	0	0
chr12:-:55726762-55726889	0.15	0.15	0	0	0	0
chr12:-:56172701-56173695	0.625	0.625	0	0	0	0
chr12:-:56183928-56184174	0.25	0.25	0	0	0	0
chr12:-:56347202-56348528	0.325	0.325	0	0	0	0
chr12:-:56717838-56717907	0.2	0.2	0	0	0	0
chr12:-:56718534-56718603	0.275	0.275	0	0	0	0
chr12:-:57099819-57099995	0.1	0.1	0	0	0	0
chr12:-:6607213-6607299	0.1	0.1	0	0	0	0
chr12:-:7081128-7081215	0.675	0.675	0	0	0	0
chr12:-:76048461-76049199	0.125	0.125	0	0	0	0
chr12:-:9109950-9110313	0.3	0.3	0	0	0	0
chr13:+:113309862-113319468	0.15	0.15	0	0	0	0
chr13:+:113636700-113640119	0.3	0.3	0	0	0	0
chr13:+:113637884-113640119	0.6	0.6	0	0	0	0
chr13:-:110170687-110174622	0.6	0.6	0	0	0	0
chr13:-:110174522-110174618	0.225	0.225	0	0	0	0
chr13:-:110175262-110176647	0.15	0.15	0	0	0	0
chr13:-:110178976-110183237	0.175	0.175	0	0	0	0
chr13:-:110183052-110186384	0.15	0.15	0	0	0	0
chr13:-:110186408-110186480	0.325	0.325	0	0	0	0
chr13:-:110195085-110200853	0.225	0.225	0	0	0	0
chr13:-:110894393-110899924	0.1	0.1	0	0	0	0
chr13:-:113841645-113841886	0.175	0.175	0	0	0	0
chr13:-:113841968-113842219	0.3	0.3	0	0	0	0
chr13:-:113858458-113858560	0.45	0.45	0	0	0	0
chr13:-:113858516-113858710	0.125	0.125	0	0	0	0
chr13:-:113859417-113859623	0.15	0.15	0	0	0	0
chr13:-:37569353-37569743	0.175	0.175	0	0	0	0
chr13:-:37570669-37574571	0.15	0.15	0	0	0	0
chr13:-:37579979-37580560	0.125	0.125	0	0	0	0
chr13:-:45340105-45340165	0.5	0.5	0	0	0	0
chr13:-:45340120-45340165	0.175	0.175	0	0	0	0
chr13:-:45340173-45340711	0.1	0.1	0	0	0	0
chr14:+:100128748-100129566	0.15	0.15	0	0	0	0
chr14:+:100132779-100133046	0.1	0.1	0	0	0	0
chr14:+:100133159-100135904	0.1	0.1	0	0	0	0
chr14:+:100143950-100144042	0.15	0.15	0	0	0	0
chr14:+:100143950-100144053	0.2	0.2	0	0	0	0
chr14:+:103677523-103679407	0.825	0.825	0	0	0	0
chr14:+:105477859-105477913	0.65	0.65	0	0	0	0
chr14:+:105478360-105479435	0.1	0.1	0	0	0	0
chr14:+:105479047-105479132	0.1	0.1	0	0	0	0
chr14:+:105488260-105488370	0.35	0.35	0	0	0	0
chr14:+:22836730-22841921	0.1	0.1	0	0	0	0
chr14:+:22845366-22845727	0.1	0.1	0	0	0	0
chr14:+:23324052-23324160	0.175	0.175	0	0	0	0
chr14:+:23325270-23325861	0.125	0.125	0	0	0	0
chr14:+:55061173-55061679	0.175	0.175	0	0	0	0
chr14:+:55661612-55670728	0.1	0.1	0	0	0	0
chr14:+:69658287-69658512	0.325	0.325	0	0	0	0
chr14:+:73100362-73103191	0.25	0.25	0	0	0	0
chr14:+:94110797-94111636	0.1	0.1	0	0	0	0
chr14:+:94110797-94111680	0.15	0.15	0	0	0	0
chr14:+:94114880-94115858	0.1	0.1	0	0	0	0
chr14:+:94114905-94115814	0.55	0.55	0	0	0	0
chr14:+:96552622-96555849	0.475	0.475	0	0	0	0
chr14:-:102082394-102083033	0.15	0.15	0	0	0	0
chr14:-:102083192-102083545	0.55	0.55	0	0	0	0
chr14:-:21234229-21262593	0.2	0.2	0	0	0	0
chr14:-:21252915-21253216	0.1	0.1	0	0	0	0
chr14:-:23066008-23067303	0.125	0.125	0	0	0	0
chr14:-:49619126-49620561	0.1	0.1	0	0	0	0
chr14:-:68790492-68790658	0.2	0.2	0	0	0	0
chr14:-:74527366-74532425	0.175	0.175	0	0	0	0
chr15:+:44715701-44717606	0.225	0.225	0	0	0	0
chr15:+:44717791-44717843	0.1	0.1	0	0	0	0
chr15:+:57063823-57072652	0.15	0.15	0	0	0	0
chr15:+:63057118-63059564	0.15	0.15	0	0	0	0
chr15:+:69453008-69453646	0.275	0.275	0	0	0	0
chr15:+:69453020-69453649	0.275	0.275	0	0	0	0
chr15:+:69453680-69455435	0.125	0.125	0	0	0	0
chr15:+:85575329-85577762	0.1	0.1	0	0	0	0
chr15:+:85577871-85578929	0.225	0.225	0	0	0	0
chr15:+:85717402-85718009	0.425	0.425	0	0	0	0
chr15:+:85736134-85740224	0.3	0.3	0	0	0	0
chr15:+:90466436-90467452	0.1	0.1	0	0	0	0
chr15:-:34407735-34437397	0.125	0.125	0	0	0	0
chr15:-:34428704-34435382	0.4	0.4	0	0	0	0
chr15:-:64160193-64162040	0.35	0.35	0	0	0	0
chr15:-:66500172-66500292	0.125	0.125	0	0	0	0
chr15:-:74923725-74926765	0.225	0.225	0	0	0	0
chr15:-:88905898-88906625	0.15	0.15	0	0	0	0
chr16:+:14984658-14997752	0.7	0.7	0	0	0	0
chr16:+:15104408-15104479	0.55	0.55	0	0	0	0
chr16:+:15122575-15122644	0.1	0.1	0	0	0	0
chr16:+:2172593-2173181	0.1	0.1	0	0	0	0
chr16:+:21979251-21980546	0.225	0.225	0	0	0	0
chr16:+:2758547-2758987	1	1	0	0	0	0
chr16:+:2759047-2759144	0.1	0.1	0	0	0	0
chr16:+:2762210-2762600	0.15	0.15	0	0	0	0
chr16:+:2762276-2762369	0.45	0.45	0	0	0	0
chr16:+:2762276-2762465	0.175	0.175	0	0	0	0
chr16:+:2762336-2762600	0.225	0.225	0	0	0	0
chr16:+:2762369-2762600	0.3	0.3	0	0	0	0
chr16:+:2762912-2762966	0.1	0.1	0	0	0	0
chr16:+:2763883-2763970	0.2	0.2	0	0	0	0
chr16:+:2763938-2764001	0.125	0.125	0	0	0	0
chr16:+:2765806-2766046	0.125	0.125	0	0	0	0
chr16:+:2765948-2766230	0.15	0.15	0	0	0	0
chr16:+:2766158-2766299	0.3	0.3	0	0	0	0
chr16:+:2766188-2766542	0.15	0.15	0	0	0	0
chr16:+:2766584-2766692	0.15	0.15	0	0	0	0
chr16:+:2769284-2769674	0.15	0.15	0	0	0	0
chr16:+:2769284-2769871	0.1	0.1	0	0	0	0
chr16:+:2770465-2770606	0.85	0.85	0	0	0	0
chr16:+:28715434-28718645	0.2	0.2	0	0	0	0
chr16:+:28715434-28720914	0.175	0.175	0	0	0	0
chr16:+:28723323-28723450	0.1	0.1	0	0	0	0
chr16:+:29808293-29808596	0.175	0.175	0	0	0	0
chr16:+:29810227-29810337	0.1	0.1	0	0	0	0
chr16:+:30070029-30070124	0.175	0.175	0	0	0	0
chr16:+:31039651-31039725	0.1	0.1	0	0	0	0
chr16:+:31180231-31182397	0.1	0.1	0	0	0	0
chr16:+:400294-400379	0.125	0.125	0	0	0	0
chr16:+:682076-682167	0.1	0.1	0	0	0	0
chr16:+:84849517-84850571	0.125	0.125	0	0	0	0
chr16:+:89560712-89560945	0.25	0.25	0	0	0	0
chr16:-:18812124-18815174	0.2	0.2	0	0	0	0
chr16:-:18852201-18852317	0.175	0.175	0	0	0	0
chr16:-:18859703-18860072	0.3	0.3	0	0	0	0
chr16:-:1962606-1962735	0.375	0.375	0	0	0	0
chr16:-:1962649-1962735	0.325	0.325	0	0	0	0
chr16:-:1962909-1963155	0.225	0.225	0	0	0	0
chr16:-:1964468-1964537	0.15	0.15	0	0	0	0
chr16:-:1964486-1964516	0.3	0.3	0	0	0	0
chr16:-:1964486-1964522	0.1	0.1	0	0	0	0
chr16:-:84078298-84078448	0.15	0.15	0	0	0	0
chr16:-:88720532-88721165	0.15	0.15	0	0	0	0
chr16:-:88720745-88721165	0.15	0.15	0	0	0	0
chr16:-:88721673-88721807	0.225	0.225	0	0	0	0
chr16:-:88728372-88728712	0.1	0.1	0	0	0	0
chr16:-:88734787-88734874	0.125	0.125	0	0	0	0
chr17:+:16381955-16382411	0.975	0.975	0	0	0	0
chr17:+:16381988-16382216	0.95	0.95	0	0	0	0
chr17:+:16382010-16382238	0.175	0.175	0	0	0	0
chr17:+:16382032-16382488	0.175	0.175	0	0	0	0
chr17:+:16382183-16382411	1	1	0	0	0	0
chr17:+:27308748-27309099	0.4	0.4	0	0	0	0
chr17:+:28720030-28720724	0.1	0.1	0	0	0	0
chr17:+:32360765-32360933	0.175	0.175	0	0	0	0
chr17:+:32368014-32369298	0.125	0.125	0	0	0	0
chr17:+:32369782-32369999	0.125	0.125	0	0	0	0
chr17:+:35844818-35844839	0.15	0.15	0	0	0	0
chr17:+:35844818-35844860	0.1	0.1	0	0	0	0
chr17:+:35844986-35845010	0.125	0.125	0	0	0	0
chr17:+:38709575-38710053	0.125	0.125	0	0	0	0
chr17:+:38728477-38728528	0.4	0.4	0	0	0	0
chr17:+:38914524-38919034	0.1	0.1	0	0	0	0
chr17:+:39202439-39203006	0.1	0.1	0	0	0	0
chr17:+:39707141-39707711	0.1	0.1	0	0	0	0
chr17:+:39707141-39708329	0.1	0.1	0	0	0	0
chr17:+:39708154-39708320	0.125	0.125	0	0	0	0
chr17:+:39712047-39712386	0.175	0.175	0	0	0	0
chr17:+:39715536-39715647	0.1	0.1	0	0	0	0
chr17:+:39715713-39715878	0.1	0.1	0	0	0	0
chr17:+:39716605-39717322	0.175	0.175	0	0	0	0
chr17:+:39717168-39717319	0.125	0.125	0	0	0	0
chr17:+:39723457-39723579	0.175	0.175	0	0	0	0
chr17:+:39723618-39723911	0.5	0.5	0	0	0	0
chr17:+:39724010-39724840	0.15	0.15	0	0	0	0
chr17:+:39725209-39725326	0.1	0.1	0	0	0	0
chr17:+:40167948-40168244	0.125	0.125	0	0	0	0
chr17:+:40167948-40168328	0.15	0.15	0	0	0	0
chr17:+:40169662-40170451	0.575	0.575	0	0	0	0
chr17:+:43190776-43193093	0.15	0.15	0	0	0	0
chr17:+:44351388-44351549	0.275	0.275	0	0	0	0
chr17:+:47664269-47665060	0.125	0.125	0	0	0	0
chr17:+:4886198-4886493	0.125	0.125	0	0	0	0
chr17:+:4893597-4893990	0.775	0.775	0	0	0	0
chr17:+:50746702-50748339	0.325	0.325	0	0	0	0
chr17:+:50750641-50750751	0.175	0.175	0	0	0	0
chr17:+:51170041-51171486	0.1	0.1	0	0	0	0
chr17:+:57294414-57401378	0.125	0.125	0	0	0	0
chr17:+:59660477-59661442	0.2	0.2	0	0	0	0
chr17:+:59838212-59838294	0.175	0.175	0	0	0	0
chr17:+:6758263-6758409	0.425	0.425	0	0	0	0
chr17:+:6758263-6758601	0.225	0.225	0	0	0	0
chr17:+:6758337-6758481	0.125	0.125	0	0	0	0
chr17:+:6758433-6758481	0.25	0.25	0	0	0	0
chr17:+:6758433-6758577	0.1	0.1	0	0	0	0
chr17:+:6758481-6758577	0.4	0.4	0	0	0	0
chr17:+:6758577-6758768	0.1	0.1	0	0	0	0
chr17:+:6758625-6758718	0.1	0.1	0	0	0	0
chr17:+:6758625-6758816	0.125	0.125	0	0	0	0
chr17:+:6758816-6758959	0.1	0.1	0	0	0	0
chr17:+:6762041-6762154	0.175	0.175	0	0	0	0
chr17:+:67903888-67904701	0.15	0.15	0	0	0	0
chr17:+:67922990-67928354	0.125	0.125	0	0	0	0
chr17:+:68512970-68515393	0.225	0.225	0	0	0	0
chr17:+:7220830-7220927	0.2	0.2	0	0	0	0
chr17:+:74764646-74766935	0.35	0.35	0	0	0	0
chr17:+:7577165-7577347	0.525	0.525	0	0	0	0
chr17:+:7577916-7578169	0.1	0.1	0	0	0	0
chr17:+:7581694-7581835	0.2	0.2	0	0	0	0
chr17:+:80260902-80263662	0.825	0.825	0	0	0	0
chr17:+:80261441-80263573	0.125	0.125	0	0	0	0
chr17:+:80278910-80287816	0.1	0.1	0	0	0	0
chr17:+:80288057-80288144	0.2	0.2	0	0	0	0
chr17:+:80288755-80289662	0.175	0.175	0	0	0	0
chr17:+:80288936-80289658	0.275	0.275	0	0	0	0
chr17:+:80291708-80294719	0.3	0.3	0	0	0	0
chr17:+:80291827-80294120	0.375	0.375	0	0	0	0
chr17:+:80298518-80307127	0.125	0.125	0	0	0	0
chr17:+:80306468-80307136	0.35	0.35	0	0	0	0
chr17:+:80313428-80313477	0.275	0.275	0	0	0	0
chr17:+:80353630-80354018	0.225	0.225	0	0	0	0
chr17:+:80360206-80360342	0.125	0.125	0	0	0	0
chr17:+:80361888-80363133	0.1	0.1	0	0	0	0
chr17:+:80365518-80365546	0.15	0.15	0	0	0	0
chr17:+:80365870-80365998	0.1	0.1	0	0	0	0
chr17:+:80366213-80367747	0.1	0.1	0	0	0	0
chr17:+:80368143-80369535	0.225	0.225	0	0	0	0
chr17:-:1467314-1467479	0.1	0.1	0	0	0	0
chr17:-:1467327-1467479	0.1	0.1	0	0	0	0
chr17:-:1684582-1684794	0.1	0.1	0	0	0	0
chr17:-:21031509-21031557	0.125	0.125	0	0	0	0
chr17:-:28620007-28620508	0.1	0.1	0	0	0	0
chr17:-:28631678-28631819	0.2	0.2	0	0	0	0
chr17:-:35872153-35873120	0.1	0.1	0	0	0	0
chr17:-:38779529-38780446	0.1	0.1	0	0	0	0
chr17:-:38780604-38786822	0.3	0.3	0	0	0	0
chr17:-:41523993-41524142	0.55	0.55	0	0	0	0
chr17:-:41771862-41786565	0.125	0.125	0	0	0	0
chr17:-:4948415-4948456	0.175	0.175	0	0	0	0
chr17:-:50184445-50184620	0.1	0.1	0	0	0	0
chr17:-:50184857-50184957	0.2	0.2	0	0	0	0
chr17:-:50185646-50185777	0.175	0.175	0	0	0	0
chr17:-:50186507-50186642	0.1	0.1	0	0	0	0
chr17:-:50186922-50187031	0.1	0.1	0	0	0	0
chr17:-:50186922-50187483	0.2	0.2	0	0	0	0
chr17:-:50187518-50188991	0.9	0.9	0	0	0	0
chr17:-:50187956-50190816	0.125	0.125	0	0	0	0
chr17:-:50187973-50188600	0.375	0.375	0	0	0	0
chr17:-:50187973-50189483	0.25	0.25	0	0	0	0
chr17:-:50188149-50188537	0.15	0.15	0	0	0	0
chr17:-:50188979-50189453	0.125	0.125	0	0	0	0
chr17:-:50189010-50189678	0.2	0.2	0	0	0	0
chr17:-:50189193-50189438	0.1	0.1	0	0	0	0
chr17:-:50189492-50192674	0.1	0.1	0	0	0	0
chr17:-:50189732-50190326	0.125	0.125	0	0	0	0
chr17:-:50189884-50190062	0.325	0.325	0	0	0	0
chr17:-:50190053-50190905	0.1	0.1	0	0	0	0
chr17:-:50190053-50191840	0.1	0.1	0	0	0	0
chr17:-:50190053-50191858	0.475	0.475	0	0	0	0
chr17:-:50190080-50191795	0.3	0.3	0	0	0	0
chr17:-:50190380-50190816	0.175	0.175	0	0	0	0
chr17:-:50190905-50192500	0.1	0.1	0	0	0	0
chr17:-:50190905-50193950	0.15	0.15	0	0	0	0
chr17:-:50191436-50194572	0.25	0.25	0	0	0	0
chr17:-:50191822-50192500	0.175	0.175	0	0	0	0
chr17:-:50191876-50192674	0.325	0.325	0	0	0	0
chr17:-:50191876-50194607	0.325	0.325	0	0	0	0
chr17:-:50192500-50194374	0.125	0.125	0	0	0	0
chr17:-:50192674-50194428	0.2	0.2	0	0	0	0
chr17:-:50192814-50193989	0.125	0.125	0	0	0	0
chr17:-:50193019-50194022	0.275	0.275	0	0	0	0
chr17:-:50193019-50194764	0.65	0.65	0	0	0	0
chr17:-:50193047-50193950	0.1	0.1	0	0	0	0
chr17:-:50194004-50194728	0.125	0.125	0	0	0	0
chr17:-:50194764-50196171	0.1	0.1	0	0	0	0
chr17:-:50194773-50196180	0.2	0.2	0	0	0	0
chr17:-:50194809-50195441	0.125	0.125	0	0	0	0
chr17:-:50194809-50195583	0.15	0.15	0	0	0	0
chr17:-:50194809-50195601	0.175	0.175	0	0	0	0
chr17:-:50195284-50195930	0.125	0.125	0	0	0	0
chr17:-:50195284-50197766	0.15	0.15	0	0	0	0
chr17:-:50195478-50196313	0.15	0.15	0	0	0	0
chr17:-:50195628-50196633	0.125	0.125	0	0	0	0
chr17:-:50195637-50197766	0.1	0.1	0	0	0	0
chr17:-:50195637-50197983	0.1	0.1	0	0	0	0
chr17:-:50196339-50196509	0.15	0.15	0	0	0	0
chr17:-:50197757-50197983	0.275	0.275	0	0	0	0
chr17:-:50197766-50197983	0.275	0.275	0	0	0	0
chr17:-:50197766-50198186	0.125	0.125	0	0	0	0
chr17:-:50199327-50199555	0.15	0.15	0	0	0	0
chr17:-:50199588-50199752	0.4	0.4	0	0	0	0
chr17:-:50199924-50201410	0.225	0.225	0	0	0	0
chr17:-:50200225-50201410	0.4	0.4	0	0	0	0
chr17:-:50863960-50864146	0.1	0.1	0	0	0	0
chr17:-:58005041-58005800	0.275	0.275	0	0	0	0
chr17:-:58005596-58005796	0.1	0.1	0	0	0	0
chr17:-:62021285-62021512	0.1	0.1	0	0	0	0
chr17:-:62033984-62052536	0.125	0.125	0	0	0	0
chr17:-:64323845-64341633	0.125	0.125	0	0	0	0
chr17:-:64370025-64370723	0.1	0.1	0	0	0	0
chr17:-:64500326-64502009	0.25	0.25	0	0	0	0
chr17:-:64501908-64502009	0.125	0.125	0	0	0	0
chr17:-:64503300-64503429	0.4	0.4	0	0	0	0
chr17:-:64504314-64504676	0.325	0.325	0	0	0	0
chr17:-:74955332-74955791	0.1	0.1	0	0	0	0
chr17:-:74960089-74961872	0.1	0.1	0	0	0	0
chr17:-:81510403-81510428	0.35	0.35	0	0	0	0
chr17:-:81512061-81512231	0.125	0.125	0	0	0	0
chr17:-:81843258-81843622	0.125	0.125	0	0	0	0
chr17:-:82079608-82079809	0.225	0.225	0	0	0	0
chr17:-:82080015-82080139	0.125	0.125	0	0	0	0
chr17:-:82080574-82080691	0.3	0.3	0	0	0	0
chr17:-:82083115-82083339	0.175	0.175	0	0	0	0
chr17:-:82083261-82083516	0.45	0.45	0	0	0	0
chr17:-:82084379-82084512	0.375	0.375	0	0	0	0
chr17:-:82084711-82084798	0.225	0.225	0	0	0	0
chr17:-:82088028-82088115	0.15	0.15	0	0	0	0
chr17:-:82092794-82092896	0.1	0.1	0	0	0	0
chr18:+:74514467-74514541	0.125	0.125	0	0	0	0
chr18:-:36109256-36109692	0.35	0.35	0	0	0	0
chr18:-:49490846-49491404	0.25	0.25	0	0	0	0
chr18:-:79983964-79984016	0.225	0.225	0	0	0	0
chr19:+:1032458-1032562	0.125	0.125	0	0	0	0
chr19:+:10681130-10681223	0.5	0.5	0	0	0	0
chr19:+:10682704-10683139	0.15	0.15	0	0	0	0
chr19:+:1105510-1105725	0.1	0.1	0	0	0	0
chr19:+:11442515-11445393	0.1	0.1	0	0	0	0
chr19:+:11449685-11450645	0.325	0.325	0	0	0	0
chr19:+:1254478-1254904	0.65	0.65	0	0	0	0
chr19:+:12940147-12940285	0.175	0.175	0	0	0	0
chr19:+:12943629-12943716	0.1	0.1	0	0	0	0
chr19:+:16093753-16101265	0.225	0.225	0	0	0	0
chr19:+:18177764-18177883	0.15	0.15	0	0	0	0
chr19:+:18573748-18574931	0.15	0.15	0	0	0	0
chr19:+:2243573-2244543	0.125	0.125	0	0	0	0
chr19:+:2248318-2248360	0.125	0.125	0	0	0	0
chr19:+:2271954-2272742	0.225	0.225	0	0	0	0
chr19:+:2271954-2272753	0.125	0.125	0	0	0	0
chr19:+:2271954-2272804	0.175	0.175	0	0	0	0
chr19:+:2272820-2273042	0.2	0.2	0	0	0	0
chr19:+:32582232-32584957	0.2	0.2	0	0	0	0
chr19:+:34386180-34386339	0.2	0.2	0	0	0	0
chr19:+:34386237-34386343	0.15	0.15	0	0	0	0
chr19:+:34386274-34386327	0.35	0.35	0	0	0	0
chr19:+:34390843-34390893	0.175	0.175	0	0	0	0
chr19:+:34391308-34391509	0.6	0.6	0	0	0	0
chr19:+:34391409-34391509	0.9	0.9	0	0	0	0
chr19:+:34391409-34391911	0.1	0.1	0	0	0	0
chr19:+:34391543-34391992	0.275	0.275	0	0	0	0
chr19:+:34391543-34392042	0.175	0.175	0	0	0	0
chr19:+:34391559-34391911	0.625	0.625	0	0	0	0
chr19:+:34391559-34392008	0.2	0.2	0	0	0	0
chr19:+:34391694-34391992	0.2	0.2	0	0	0	0
chr19:+:34392042-34392142	0.775	0.775	0	0	0	0
chr19:+:34392158-34392608	0.2	0.2	0	0	0	0
chr19:+:34392192-34392792	0.275	0.275	0	0	0	0
chr19:+:34392259-34392608	0.1	0.1	0	0	0	0
chr19:+:3444117-3444259	0.125	0.125	0	0	0	0
chr19:+:3453916-3462751	0.175	0.175	0	0	0	0
chr19:+:3456635-3462808	0.35	0.35	0	0	0	0
chr19:+:35279558-35279664	0.15	0.15	0	0	0	0
chr19:+:3575660-3576263	0.225	0.225	0	0	0	0
chr19:+:36215155-36218121	0.1	0.1	0	0	0	0
chr19:+:36218195-36225953	0.1	0.1	0	0	0	0
chr19:+:36226073-36228747	0.2	0.2	0	0	0	0
chr19:+:39348389-39354005	0.15	0.15	0	0	0	0
chr19:+:39354066-39355057	0.125	0.125	0	0	0	0
chr19:+:39355150-39356688	0.525	0.525	0	0	0	0
chr19:+:44908602-44909055	0.2	0.2	0	0	0	0
chr19:+:45522818-45523646	0.1	0.1	0	0	0	0
chr19:+:47745783-47750177	0.15	0.15	0	0	0	0
chr19:+:47781182-47781293	0.175	0.175	0	0	0	0
chr19:+:48965482-48965585	0.45	0.45	0	0	0	0
chr19:+:48965916-48966283	1	1	0	0	0	0
chr19:+:49098704-49098814	0.1	0.1	0	0	0	0
chr19:+:49103523-49104021	0.1	0.1	0	0	0	0
chr19:+:49489922-49490239	0.125	0.125	0	0	0	0
chr19:+:49490831-49491072	0.15	0.15	0	0	0	0
chr19:+:49491547-49491743	0.1	0.1	0	0	0	0
chr19:+:49497299-49497519	0.125	0.125	0	0	0	0
chr19:+:49497562-49499511	0.2	0.2	0	0	0	0
chr19:+:49498046-49499521	0.175	0.175	0	0	0	0
chr19:+:54200888-54201165	0.625	0.625	0	0	0	0
chr19:+:54455499-54455966	0.175	0.175	0	0	0	0
chr19:+:54459352-54459408	0.1	0.1	0	0	0	0
chr19:+:54459369-54459481	0.1	0.1	0	0	0	0
chr19:+:54459369-54459537	0.125	0.125	0	0	0	0
chr19:+:54459369-54459593	0.15	0.15	0	0	0	0
chr19:+:54459408-54459464	0.125	0.125	0	0	0	0
chr19:+:54459408-54459520	0.4	0.4	0	0	0	0
chr19:+:54459408-54459632	0.65	0.65	0	0	0	0
chr19:+:54459464-54459576	0.55	0.55	0	0	0	0
chr19:+:54459520-54459576	0.3	0.3	0	0	0	0
chr19:+:54459537-54459649	0.1	0.1	0	0	0	0
chr19:+:54459576-54459632	0.5	0.5	0	0	0	0
chr19:+:54459593-54459649	0.375	0.375	0	0	0	0
chr19:+:55386693-55387934	0.275	0.275	0	0	0	0
chr19:+:55388048-55388246	0.725	0.725	0	0	0	0
chr19:+:55675435-55677045	0.375	0.375	0	0	0	0
chr19:+:55677218-55678526	0.325	0.325	0	0	0	0
chr19:+:55677581-55678526	0.375	0.375	0	0	0	0
chr19:+:5641950-5645336	0.175	0.175	0	0	0	0
chr19:+:57291851-57292019	0.1	0.1	0	0	0	0
chr19:+:58388245-58394496	0.225	0.225	0	0	0	0
chr19:+:58394595-58394708	0.425	0.425	0	0	0	0
chr19:+:58394595-58394711	0.1	0.1	0	0	0	0
chr19:+:58548776-58548864	0.25	0.25	0	0	0	0
chr19:-:10393437-10395020	0.175	0.175	0	0	0	0
chr19:-:12658513-12661259	0.375	0.375	0	0	0	0
chr19:-:15255588-15256063	0.175	0.175	0	0	0	0
chr19:-:17403821-17404128	0.175	0.175	0	0	0	0
chr19:-:17404409-17405290	0.25	0.25	0	0	0	0
chr19:-:18786040-18787503	0.15	0.15	0	0	0	0
chr19:-:23374764-23395311	0.1	0.1	0	0	0	0
chr19:-:3054037-3054119	0.25	0.25	0	0	0	0
chr19:-:39433545-39433664	0.2	0.2	0	0	0	0
chr19:-:39433558-39433664	0.625	0.625	0	0	0	0
chr19:-:39435705-39435847	0.85	0.85	0	0	0	0
chr19:-:3976553-3978068	0.175	0.175	0	0	0	0
chr19:-:3977272-3977848	0.1	0.1	0	0	0	0
chr19:-:3978007-3979328	0.325	0.325	0	0	0	0
chr19:-:39840304-39840413	0.3	0.3	0	0	0	0
chr19:-:41342033-41342169	0.275	0.275	0	0	0	0
chr19:-:48616202-48616740	0.1	0.1	0	0	0	0
chr19:-:58552179-58552258	0.1	0.1	0	0	0	0
chr19:-:58554227-58554987	0.1	0.1	0	0	0	0
chr19:-:6682010-6682141	0.15	0.15	0	0	0	0
chr19:-:6696462-6696592	0.2	0.2	0	0	0	0
chr19:-:6712564-6713188	0.325	0.325	0	0	0	0
chr19:-:6712619-6713188	0.175	0.175	0	0	0	0
chr1:+:1052730-1052822	0.175	0.175	0	0	0	0
chr1:+:1055215-1055376	0.175	0.175	0	0	0	0
chr1:+:150338326-150340402	0.1	0.1	0	0	0	0
chr1:+:150509762-150509962	0.275	0.275	0	0	0	0
chr1:+:153991223-153991593	0.3	0.3	0	0	0	0
chr1:+:154241565-154241699	0.55	0.55	0	0	0	0
chr1:+:154241797-154243216	0.325	0.325	0	0	0	0
chr1:+:155319688-155320408	0.175	0.175	0	0	0	0
chr1:+:155732033-155736949	0.125	0.125	0	0	0	0
chr1:+:156138607-156139376	0.125	0.125	0	0	0	0
chr1:+:156591986-156592104	0.225	0.225	0	0	0	0
chr1:+:164563311-164625928	0.45	0.45	0	0	0	0
chr1:+:164563311-164679180	0.175	0.175	0	0	0	0
chr1:+:164580515-164580814	0.1	0.1	0	0	0	0
chr1:+:164590987-164591154	0.1	0.1	0	0	0	0
chr1:+:171535597-171536034	0.125	0.125	0	0	0	0
chr1:+:171587221-171588378	0.275	0.275	0	0	0	0
chr1:+:203628081-203682741	0.125	0.125	0	0	0	0
chr1:+:203795775-203801574	0.35	0.35	0	0	0	0
chr1:+:203796354-203796450	0.35	0.35	0	0	0	0
chr1:+:203801628-203802568	0.125	0.125	0	0	0	0
chr1:+:203850020-203850514	0.375	0.375	0	0	0	0
chr1:+:206729475-206730000	0.2	0.2	0	0	0	0
chr1:+:206732084-206732574	0.3	0.3	0	0	0	0
chr1:+:215577728-215578999	0.125	0.125	0	0	0	0
chr1:+:215619070-215619158	0.175	0.175	0	0	0	0
chr1:+:223740564-223744099	0.1	0.1	0	0	0	0
chr1:+:223757380-223757704	0.15	0.15	0	0	0	0
chr1:+:225786985-225789258	0.175	0.175	0	0	0	0
chr1:+:225839346-225839904	0.15	0.15	0	0	0	0
chr1:+:226062811-226064333	0.125	0.125	0	0	0	0
chr1:+:226064479-226065734	0.175	0.175	0	0	0	0
chr1:+:226065809-226071353	0.125	0.125	0	0	0	0
chr1:+:22647370-22647489	0.1	0.1	0	0	0	0
chr1:+:22647681-22647783	0.275	0.275	0	0	0	0
chr1:+:22660892-22660946	0.175	0.175	0	0	0	0
chr1:+:22661113-22661242	0.275	0.275	0	0	0	0
chr1:+:228098149-228098209	0.125	0.125	0	0	0	0
chr1:+:228146938-228147409	0.325	0.325	0	0	0	0
chr1:+:2295705-2295728	0.3	0.3	0	0	0	0
chr1:+:23692759-23693810	0.35	0.35	0	0	0	0
chr1:+:26474135-26474574	0.75	0.75	0	0	0	0
chr1:+:26474667-26475118	0.1	0.1	0	0	0	0
chr1:+:26934419-26941456	0.1	0.1	0	0	0	0
chr1:+:28738338-28768928	0.25	0.25	0	0	0	0
chr1:+:31429068-31429401	0.1	0.1	0	0	0	0
chr1:+:31429538-31431320	0.45	0.45	0	0	0	0
chr1:+:32179776-32180331	0.2	0.2	0	0	0	0
chr1:+:32194937-32196020	0.175	0.175	0	0	0	0
chr1:+:32652061-32657431	0.125	0.125	0	0	0	0
chr1:+:32770110-32770220	0.35	0.35	0	0	0	0
chr1:+:36224505-36282532	0.15	0.15	0	0	0	0
chr1:+:36294241-36296582	0.525	0.525	0	0	0	0
chr1:+:36301084-36301555	1	1	0	0	0	0
chr1:+:39432645-39433047	0.275	0.275	0	0	0	0
chr1:+:39452254-39452683	0.15	0.15	0	0	0	0
chr1:+:42701046-42701985	0.1	0.1	0	0	0	0
chr1:+:43531090-43538201	0.1	0.1	0	0	0	0
chr1:+:43536800-43538197	0.2	0.2	0	0	0	0
chr1:+:43621232-43621940	0.1	0.1	0	0	0	0
chr1:+:44776739-44777613	0.15	0.15	0	0	0	0
chr1:+:46303820-46310154	0.15	0.15	0	0	0	0
chr1:-:1220730-1223243	0.1	0.1	0	0	0	0
chr1:-:151055129-151055676	0.4	0.4	0	0	0	0
chr1:-:152032817-152033647	0.175	0.175	0	0	0	0
chr1:-:153534821-153535201	0.1	0.1	0	0	0	0
chr1:-:153607685-153607998	0.125	0.125	0	0	0	0
chr1:-:154170465-154170648	0.825	0.825	0	0	0	0
chr1:-:154176216-154182987	0.125	0.125	0	0	0	0
chr1:-:154219937-154220418	0.275	0.275	0	0	0	0
chr1:-:154589444-154589756	0.35	0.35	0	0	0	0
chr1:-:154601190-154601307	0.275	0.275	0	0	0	0
chr1:-:154601818-154601965	0.8	0.8	0	0	0	0
chr1:-:154974045-154974247	0.425	0.425	0	0	0	0
chr1:-:155187853-155188007	0.225	0.225	0	0	0	0
chr1:-:155188231-155188327	0.275	0.275	0	0	0	0
chr1:-:155192310-155192686	0.125	0.125	0	0	0	0
chr1:-:155915201-155915589	0.2	0.2	0	0	0	0
chr1:-:155921524-155921860	0.75	0.75	0	0	0	0
chr1:-:156009479-156009501	0.1	0.1	0	0	0	0
chr1:-:156266380-156267469	0.125	0.125	0	0	0	0
chr1:-:161038634-161038879	0.25	0.25	0	0	0	0
chr1:-:161074376-161074610	0.125	0.125	0	0	0	0
chr1:-:165768244-165768758	0.125	0.125	0	0	0	0
chr1:-:17409160-17409973	0.125	0.125	0	0	0	0
chr1:-:1786450-1786934	0.2	0.2	0	0	0	0
chr1:-:1787053-1787325	0.725	0.725	0	0	0	0
chr1:-:182387290-182388571	0.15	0.15	0	0	0	0
chr1:-:19141774-19143979	0.15	0.15	0	0	0	0
chr1:-:19145930-19146825	0.525	0.525	0	0	0	0
chr1:-:19374455-19378539	0.175	0.175	0	0	0	0
chr1:-:205719673-205720500	1	1	0	0	0	0
chr1:-:20745651-20747543	0.225	0.225	0	0	0	0
chr1:-:20779908-20780344	0.1	0.1	0	0	0	0
chr1:-:21824373-21824536	0.15	0.15	0	0	0	0
chr1:-:21842814-21844192	0.525	0.525	0	0	0	0
chr1:-:21842814-21846492	0.2	0.2	0	0	0	0
chr1:-:21843408-21846225	0.25	0.25	0	0	0	0
chr1:-:21844192-21846492	0.3	0.3	0	0	0	0
chr1:-:21844192-21852963	0.275	0.275	0	0	0	0
chr1:-:21844293-21846107	0.1	0.1	0	0	0	0
chr1:-:21850085-21851590	0.475	0.475	0	0	0	0
chr1:-:21851590-21852132	0.175	0.175	0	0	0	0
chr1:-:21851602-21852975	0.1	0.1	0	0	0	0
chr1:-:21852132-21852963	0.475	0.475	0	0	0	0
chr1:-:21884677-21884766	0.975	0.975	0	0	0	0
chr1:-:224411562-224418259	0.475	0.475	0	0	0	0
chr1:-:225514900-225519197	0.55	0.55	0	0	0	0
chr1:-:225519274-225519322	0.125	0.125	0	0	0	0
chr1:-:225567414-225600207	0.4	0.4	0	0	0	0
chr1:-:225600362-225652685	0.4	0.4	0	0	0	0
chr1:-:225862347-225862454	0.275	0.275	0	0	0	0
chr1:-:23418009-23424564	0.125	0.125	0	0	0	0
chr1:-:244855036-244855423	0.1	0.1	0	0	0	0
chr1:-:27489432-27489523	0.175	0.175	0	0	0	0
chr1:-:27668992-27669028	0.2	0.2	0	0	0	0
chr1:-:27669040-27669064	0.125	0.125	0	0	0	0
chr1:-:31684003-31684116	0.1	0.1	0	0	0	0
chr1:-:31694170-31695102	0.125	0.125	0	0	0	0
chr1:-:31698606-31698749	0.175	0.175	0	0	0	0
chr1:-:31698929-31699812	0.2	0.2	0	0	0	0
chr1:-:33327427-33328869	0.15	0.15	0	0	0	0
chr1:-:35191497-35192221	0.2	0.2	0	0	0	0
chr1:-:35192607-35192916	0.15	0.15	0	0	0	0
chr1:-:35192773-35192996	0.125	0.125	0	0	0	0
chr1:-:40073323-40073457	0.175	0.175	0	0	0	0
chr1:-:45514597-45514872	0.175	0.175	0	0	0	0
chr1:-:45519047-45521828	0.55	0.55	0	0	0	0
chr1:-:54040840-54041723	0.925	0.925	0	0	0	0
chr1:-:54043525-54052999	0.125	0.125	0	0	0	0
chr1:-:6186816-6192946	0.725	0.725	0	0	0	0
chr1:-:71065748-71066775	0.1	0.1	0	0	0	0
chr1:-:8874914-8878579	0.75	0.75	0	0	0	0
chr1:-:89110266-89112459	0.125	0.125	0	0	0	0
chr1:-:94898079-94899486	0.125	0.125	0	0	0	0
chr1:-:9762768-9762876	0.1	0.1	0	0	0	0
chr20:+:1923616-1923653	0.1	0.1	0	0	0	0
chr20:+:25276294-25276645	0.1	0.1	0	0	0	0
chr20:+:32143077-32145090	0.15	0.15	0	0	0	0
chr20:+:34516461-34526271	0.275	0.275	0	0	0	0
chr20:+:36462599-36465264	0.1	0.1	0	0	0	0
chr20:+:36496850-36499587	0.1	0.1	0	0	0	0
chr20:+:36545068-36548126	0.425	0.425	0	0	0	0
chr20:+:37225802-37228573	0.15	0.15	0	0	0	0
chr20:+:43460598-43460708	0.225	0.225	0	0	0	0
chr20:+:62131506-62132355	0.1	0.1	0	0	0	0
chr20:+:62387674-62388308	0.45	0.45	0	0	0	0
chr20:+:62387914-62388314	0.1	0.1	0	0	0	0
chr20:+:63521589-63521704	0.425	0.425	0	0	0	0
chr20:+:64032044-64032846	0.15	0.15	0	0	0	0
chr20:-:17614220-17614769	0.175	0.175	0	0	0	0
chr20:-:17658748-17658898	0.45	0.45	0	0	0	0
chr20:-:17658770-17658800	0.15	0.15	0	0	0	0
chr20:-:17659034-17659124	0.1	0.1	0	0	0	0
chr20:-:17659087-17659117	1	1	0	0	0	0
chr20:-:17659087-17659297	0.725	0.725	0	0	0	0
chr20:-:17659343-17659613	0.15	0.15	0	0	0	0
chr20:-:17659544-17659604	0.125	0.125	0	0	0	0
chr20:-:17659604-17659694	0.225	0.225	0	0	0	0
chr20:-:17659724-17659754	0.25	0.25	0	0	0	0
chr20:-:17659724-17659904	0.175	0.175	0	0	0	0
chr20:-:17659732-17659822	0.15	0.15	0	0	0	0
chr20:-:17659762-17659822	0.1	0.1	0	0	0	0
chr20:-:17659784-17659844	0.275	0.275	0	0	0	0
chr20:-:17660528-17679994	0.125	0.125	0	0	0	0
chr20:-:24964022-24969525	0.175	0.175	0	0	0	0
chr20:-:3203416-3203499	0.175	0.175	0	0	0	0
chr20:-:34090602-34096656	0.15	0.15	0	0	0	0
chr20:-:34098624-34103461	0.1	0.1	0	0	0	0
chr20:-:34280650-34281026	0.25	0.25	0	0	0	0
chr20:-:35003616-35003872	0.15	0.15	0	0	0	0
chr20:-:35009178-35010186	0.1	0.1	0	0	0	0
chr20:-:35016139-35035122	0.175	0.175	0	0	0	0
chr20:-:35035308-35049865	0.125	0.125	0	0	0	0
chr20:-:35713096-35713704	0.15	0.15	0	0	0	0
chr20:-:35721873-35724569	0.425	0.425	0	0	0	0
chr20:-:35732132-35734181	0.15	0.15	0	0	0	0
chr20:-:35739017-35740805	0.325	0.325	0	0	0	0
chr20:-:41551360-41564010	0.125	0.125	0	0	0	0
chr20:-:47665956-47666259	0.275	0.275	0	0	0	0
chr20:-:5106222-5109331	0.15	0.15	0	0	0	0
chr20:-:62310970-62311161	0.225	0.225	0	0	0	0
chr20:-:62311307-62311385	0.125	0.125	0	0	0	0
chr20:-:62319013-62319442	0.1	0.1	0	0	0	0
chr20:-:62323260-62323282	0.275	0.275	0	0	0	0
chr21:+:33550100-33550219	0.35	0.35	0	0	0	0
chr21:+:33550104-33550219	0.2	0.2	0	0	0	0
chr21:+:33551289-33552559	0.2	0.2	0	0	0	0
chr21:+:33569087-33569223	0.125	0.125	0	0	0	0
chr21:+:37114966-37144027	0.225	0.225	0	0	0	0
chr21:+:37129063-37132351	0.1	0.1	0	0	0	0
chr21:+:37154838-37156654	0.1	0.1	0	0	0	0
chr21:+:37157214-37158130	0.3	0.3	0	0	0	0
chr21:+:41446141-41447113	0.375	0.375	0	0	0	0
chr21:+:44312294-44312982	0.1	0.1	0	0	0	0
chr21:+:45997762-45998397	0.1	0.1	0	0	0	0
chr21:+:46002401-46002602	0.1	0.1	0	0	0	0
chr21:+:46004190-46004274	0.1	0.1	0	0	0	0
chr21:+:46004232-46004274	0.125	0.125	0	0	0	0
chr21:+:46098173-46111457	0.1	0.1	0	0	0	0
chr21:+:46111591-46111983	0.125	0.125	0	0	0	0
chr21:+:46116677-46120532	0.175	0.175	0	0	0	0
chr21:+:46119111-46122505	0.1	0.1	0	0	0	0
chr21:+:46119119-46119795	0.15	0.15	0	0	0	0
chr21:+:46124920-46125464	0.275	0.275	0	0	0	0
chr21:+:46125311-46125513	0.15	0.15	0	0	0	0
chr21:-:25975219-25975953	0.325	0.325	0	0	0	0
chr21:-:26021927-26021996	0.1	0.1	0	0	0	0
chr21:-:26022037-26050994	0.575	0.575	0	0	0	0
chr21:-:34839277-34839331	0.15	0.15	0	0	0	0
chr21:-:34887096-34887290	0.125	0.125	0	0	0	0
chr21:-:44855251-44856187	0.15	0.15	0	0	0	0
chr21:-:44863869-44863967	0.225	0.225	0	0	0	0
chr22:+:22893818-22895482	0.125	0.125	0	0	0	0
chr22:+:22894998-22895374	0.15	0.15	0	0	0	0
chr22:+:23781100-23781196	0.175	0.175	0	0	0	0
chr22:+:23834496-23834519	0.2	0.2	0	0	0	0
chr22:+:24556057-24557656	0.175	0.175	0	0	0	0
chr22:+:24557800-24571915	0.15	0.15	0	0	0	0
chr22:+:29268349-29272222	0.15	0.15	0	0	0	0
chr22:+:32801820-32802067	0.275	0.275	0	0	0	0
chr22:+:37677065-37679602	0.375	0.375	0	0	0	0
chr22:+:37805910-37806051	0.325	0.325	0	0	0	0
chr22:+:40953633-40955286	0.125	0.125	0	0	0	0
chr22:+:41343576-41346061	0.1	0.1	0	0	0	0
chr22:+:41356808-41357234	0.15	0.15	0	0	0	0
chr22:-:20753180-20761352	0.15	0.15	0	0	0	0
chr22:-:20819864-20820538	0.275	0.275	0	0	0	0
chr22:-:21772982-21785020	0.1	0.1	0	0	0	0
chr22:-:28795665-28796046	0.55	0.55	0	0	0	0
chr22:-:28800377-28800459	0.125	0.125	0	0	0	0
chr22:-:36233455-36236595	0.1	0.1	0	0	0	0
chr22:-:36284501-36285920	0.15	0.15	0	0	0	0
chr22:-:36285320-36285657	0.15	0.15	0	0	0	0
chr22:-:36293373-36295024	0.225	0.225	0	0	0	0
chr22:-:36295009-36296910	0.1	0.1	0	0	0	0
chr22:-:36296874-36300126	0.1	0.1	0	0	0	0
chr22:-:36299036-36300126	0.15	0.15	0	0	0	0
chr22:-:36300249-36300919	0.2	0.2	0	0	0	0
chr22:-:36306042-36312048	0.1	0.1	0	0	0	0
chr22:-:38486440-38488016	0.55	0.55	0	0	0	0
chr22:-:38488115-38489222	0.325	0.325	0	0	0	0
chr22:-:38494794-38494885	0.375	0.375	0	0	0	0
chr22:-:38495046-38498084	0.225	0.225	0	0	0	0
chr22:-:39313238-39313710	0.1	0.1	0	0	0	0
chr22:-:39315528-39316705	0.15	0.15	0	0	0	0
chr22:-:39318566-39319594	0.65	0.65	0	0	0	0
chr22:-:39529210-39529328	0.125	0.125	0	0	0	0
chr22:-:42893613-43015020	0.15	0.15	0	0	0	0
chr22:-:42961351-42982774	0.15	0.15	0	0	0	0
chr22:-:50275963-50276133	0.25	0.25	0	0	0	0
chr22:-:50280866-50281088	0.35	0.35	0	0	0	0
chr22:-:50281709-50281853	0.1	0.1	0	0	0	0
chr22:-:50281742-50281877	0.1	0.1	0	0	0	0
chr22:-:50282881-50283003	0.225	0.225	0	0	0	0
chr22:-:50286287-50286447	0.1	0.1	0	0	0	0
chr22:-:50290597-50307552	0.325	0.325	0	0	0	0
chr22:-:50294778-50295376	0.95	0.95	0	0	0	0
chr22:-:50295429-50301346	0.275	0.275	0	0	0	0
chr22:-:50295429-50307552	0.85	0.85	0	0	0	0
chr22:-:50527732-50528511	0.1	0.1	0	0	0	0
chr22:-:50529615-50529903	0.1	0.1	0	0	0	0
chr2:+:101004308-101005958	0.425	0.425	0	0	0	0
chr2:+:108719678-108729134	0.225	0.225	0	0	0	0
chr2:+:177215896-177215989	0.1	0.1	0	0	0	0
chr2:+:188974568-188984768	0.1	0.1	0	0	0	0
chr2:+:188993451-188994288	0.1	0.1	0	0	0	0
chr2:+:188993451-188996425	0.4	0.4	0	0	0	0
chr2:+:188994327-188997186	0.1	0.1	0	0	0	0
chr2:+:188995776-188997204	0.125	0.125	0	0	0	0
chr2:+:188996178-188997164	0.125	0.125	0	0	0	0
chr2:+:188997218-188997350	0.1	0.1	0	0	0	0
chr2:+:188999497-189003429	0.2	0.2	0	0	0	0
chr2:+:189001450-189001542	0.125	0.125	0	0	0	0
chr2:+:189001563-189002297	0.375	0.375	0	0	0	0
chr2:+:189003770-189006399	0.125	0.125	0	0	0	0
chr2:+:189003779-189004018	0.1	0.1	0	0	0	0
chr2:+:189004000-189004036	0.225	0.225	0	0	0	0
chr2:+:189004018-189004266	0.15	0.15	0	0	0	0
chr2:+:189004320-189008107	0.2	0.2	0	0	0	0
chr2:+:189006233-189006399	0.1	0.1	0	0	0	0
chr2:+:189009026-189010177	0.1	0.1	0	0	0	0
chr2:+:189010365-189010652	0.15	0.15	0	0	0	0
chr2:+:206160973-206161353	0.175	0.175	0	0	0	0
chr2:+:231708751-231711356	0.25	0.25	0	0	0	0
chr2:+:231711925-231711961	0.125	0.125	0	0	0	0
chr2:+:231711925-231711967	0.1	0.1	0	0	0	0
chr2:+:231711925-231712447	0.125	0.125	0	0	0	0
chr2:+:231711947-231711971	0.125	0.125	0	0	0	0
chr2:+:231711947-231712460	0.5	0.5	0	0	0	0
chr2:+:231711977-231712442	0.55	0.55	0	0	0	0
chr2:+:231711977-231712466	0.2	0.2	0	0	0	0
chr2:+:231711983-231712466	0.1	0.1	0	0	0	0
chr2:+:231712516-231712926	0.2	0.2	0	0	0	0
chr2:+:237511101-237514054	0.3	0.3	0	0	0	0
chr2:+:237517044-237517072	0.4	0.4	0	0	0	0
chr2:+:237520029-237525610	0.175	0.175	0	0	0	0
chr2:+:237545645-237546605	0.175	0.175	0	0	0	0
chr2:+:237547343-237547565	0.1	0.1	0	0	0	0
chr2:+:237547343-237547639	0.1	0.1	0	0	0	0
chr2:+:237547639-237547713	0.325	0.325	0	0	0	0
chr2:+:237547787-237547861	0.225	0.225	0	0	0	0
chr2:+:241324241-241325998	0.125	0.125	0	0	0	0
chr2:+:3575350-3575600	0.15	0.15	0	0	0	0
chr2:+:84905718-84906014	0.25	0.25	0	0	0	0
chr2:+:84905718-84906024	0.125	0.125	0	0	0	0
chr2:+:84906117-84906270	0.15	0.15	0	0	0	0
chr2:+:84906117-84906365	0.1	0.1	0	0	0	0
chr2:+:85542747-85542966	0.275	0.275	0	0	0	0
chr2:+:85596649-85597103	0.275	0.275	0	0	0	0
chr2:-:127489235-127489817	0.125	0.125	0	0	0	0
chr2:-:127505047-127505203	0.1	0.1	0	0	0	0
chr2:-:127505125-127505203	0.15	0.15	0	0	0	0
chr2:-:127505210-127505327	0.175	0.175	0	0	0	0
chr2:-:189045907-189048210	0.15	0.15	0	0	0	0
chr2:-:189575320-189578218	0.125	0.125	0	0	0	0
chr2:-:190998003-190998216	0.225	0.225	0	0	0	0
chr2:-:190999697-191001073	0.15	0.15	0	0	0	0
chr2:-:191007614-191008962	0.1	0.1	0	0	0	0
chr2:-:191007649-191008962	0.15	0.15	0	0	0	0
chr2:-:197399038-197400054	0.5	0.5	0	0	0	0
chr2:-:197400932-197401399	0.1	0.1	0	0	0	0
chr2:-:20041007-20051409	0.175	0.175	0	0	0	0
chr2:-:20202311-20202692	0.325	0.325	0	0	0	0
chr2:-:20204291-20205348	0.125	0.125	0	0	0	0
chr2:-:20327378-20332966	0.175	0.175	0	0	0	0
chr2:-:215368018-215370293	0.15	0.15	0	0	0	0
chr2:-:215370427-215371908	0.25	0.25	0	0	0	0
chr2:-:215372015-215372112	0.625	0.625	0	0	0	0
chr2:-:215372015-215372269	0.1	0.1	0	0	0	0
chr2:-:215372134-215372176	0.125	0.125	0	0	0	0
chr2:-:215372324-215373321	0.35	0.35	0	0	0	0
chr2:-:215375706-215376497	0.15	0.15	0	0	0	0
chr2:-:215382316-215383327	0.15	0.15	0	0	0	0
chr2:-:215384181-215384859	0.1	0.1	0	0	0	0
chr2:-:215406481-215407126	0.1	0.1	0	0	0	0
chr2:-:215406504-215407126	1	1	0	0	0	0
chr2:-:215407314-215408107	0.125	0.125	0	0	0	0
chr2:-:215408411-215409562	0.125	0.125	0	0	0	0
chr2:-:215423515-215424145	0.25	0.25	0	0	0	0
chr2:-:215424255-215425093	0.275	0.275	0	0	0	0
chr2:-:216676313-216676390	0.1	0.1	0	0	0	0
chr2:-:231460287-231460477	0.1	0.1	0	0	0	0
chr2:-:237353394-237354898	0.15	0.15	0	0	0	0
chr2:-:237368748-237371731	0.3	0.3	0	0	0	0
chr2:-:237369174-237371731	0.625	0.625	0	0	0	0
chr2:-:237375014-237376771	0.1	0.1	0	0	0	0
chr2:-:237377344-237396726	0.375	0.375	0	0	0	0
chr2:-:241247100-241248002	0.45	0.45	0	0	0	0
chr2:-:241255574-241256183	0.125	0.125	0	0	0	0
chr2:-:241266853-241268476	0.1	0.1	0	0	0	0
chr2:-:27070713-27071325	0.225	0.225	0	0	0	0
chr2:-:38746735-38748578	0.15	0.15	0	0	0	0
chr2:-:43225748-43226264	0.55	0.55	0	0	0	0
chr2:-:53866880-53869363	0.3	0.3	0	0	0	0
chr2:-:53910130-53913870	0.35	0.35	0	0	0	0
chr2:-:53913931-53919150	0.45	0.45	0	0	0	0
chr2:-:61311609-61311783	0.25	0.25	0	0	0	0
chr2:-:61311910-61314000	0.125	0.125	0	0	0	0
chr2:-:61314153-61314584	0.25	0.25	0	0	0	0
chr2:-:61870442-61870557	0.1	0.1	0	0	0	0
chr2:-:74156645-74158653	0.125	0.125	0	0	0	0
chr2:-:74528006-74528252	0.425	0.425	0	0	0	0
chr2:-:85327226-85327394	0.925	0.925	0	0	0	0
chr2:-:85327260-85327302	0.1	0.1	0	0	0	0
chr2:-:85327273-85327441	0.85	0.85	0	0	0	0
chr2:-:85327273-85327483	0.85	0.85	0	0	0	0
chr2:-:85327302-85327512	0.275	0.275	0	0	0	0
chr2:-:97659552-97659573	0.2	0.2	0	0	0	0
chr3:+:10115819-10118905	0.3	0.3	0	0	0	0
chr3:+:10118970-10125625	0.175	0.175	0	0	0	0
chr3:+:122687113-122691261	0.1	0.1	0	0	0	0
chr3:+:122713934-122714266	0.1	0.1	0	0	0	0
chr3:+:122725351-122725391	0.2	0.2	0	0	0	0
chr3:+:128742582-128742742	0.1	0.1	0	0	0	0
chr3:+:169966858-169975611	0.2	0.2	0	0	0	0
chr3:+:172081399-172112451	0.25	0.25	0	0	0	0
chr3:+:184170729-184171566	0.1	0.1	0	0	0	0
chr3:+:184315856-184316135	0.125	0.125	0	0	0	0
chr3:+:184321649-184321703	0.15	0.15	0	0	0	0
chr3:+:184322730-184322825	0.2	0.2	0	0	0	0
chr3:+:184331364-184331474	0.225	0.225	0	0	0	0
chr3:+:184334262-184334726	0.225	0.225	0	0	0	0
chr3:+:186784513-186785882	0.15	0.15	0	0	0	0
chr3:+:40461661-40461946	0.15	0.15	0	0	0	0
chr3:+:41233444-41233532	0.375	0.375	0	0	0	0
chr3:+:42632823-42633617	0.475	0.475	0	0	0	0
chr3:+:42633735-42634616	0.2	0.2	0	0	0	0
chr3:+:42638906-42638987	0.1	0.1	0	0	0	0
chr3:+:42643395-42643898	1	1	0	0	0	0
chr3:+:48440458-48440544	0.925	0.925	0	0	0	0
chr3:+:49999513-50046715	0.2	0.2	0	0	0	0
chr3:+:50046833-50047159	0.25	0.25	0	0	0	0
chr3:+:5208263-5211119	0.25	0.25	0	0	0	0
chr3:+:58105111-58106679	0.15	0.15	0	0	0	0
chr3:-:101682903-101685817	0.1	0.1	0	0	0	0
chr3:-:101685919-101686481	0.175	0.175	0	0	0	0
chr3:-:120399959-120402832	0.1	0.1	0	0	0	0
chr3:-:122528743-122530754	0.15	0.15	0	0	0	0
chr3:-:122530895-122536167	0.1	0.1	0	0	0	0
chr3:-:122546368-122550583	0.125	0.125	0	0	0	0
chr3:-:122559706-122564244	0.175	0.175	0	0	0	0
chr3:-:129556470-129556616	0.1	0.1	0	0	0	0
chr3:-:129565538-129565897	0.1	0.1	0	0	0	0
chr3:-:47635341-47636021	0.175	0.175	0	0	0	0
chr3:-:47706526-47710682	0.525	0.525	0	0	0	0
chr3:-:47720732-47729024	0.125	0.125	0	0	0	0
chr3:-:47875825-47877416	0.4	0.4	0	0	0	0
chr3:-:47916497-47916803	0.3	0.3	0	0	0	0
chr3:-:47917174-47921764	0.475	0.475	0	0	0	0
chr3:-:47928350-47940498	0.325	0.325	0	0	0	0
chr3:-:47928350-47998637	0.4	0.4	0	0	0	0
chr3:-:47940534-47977864	0.3	0.3	0	0	0	0
chr3:-:48057304-48062192	0.125	0.125	0	0	0	0
chr3:-:49121854-49121943	0.425	0.425	0	0	0	0
chr3:-:49368441-49375433	0.1	0.1	0	0	0	0
chr3:-:51994126-51995085	0.15	0.15	0	0	0	0
chr3:-:51995463-51995856	0.45	0.45	0	0	0	0
chr4:+:105898001-105902693	0.1	0.1	0	0	0	0
chr4:+:105902795-105905301	0.1	0.1	0	0	0	0
chr4:+:168891057-168903756	0.2	0.2	0	0	0	0
chr4:+:168894677-168903756	0.1	0.1	0	0	0	0
chr4:+:2511219-2511585	0.15	0.15	0	0	0	0
chr4:+:6640910-6641072	0.1	0.1	0	0	0	0
chr4:-:10097891-10099028	0.1	0.1	0	0	0	0
chr4:-:121672614-121677893	0.125	0.125	0	0	0	0
chr4:-:140634184-140639085	0.15	0.15	0	0	0	0
chr4:-:140639428-140641956	0.3	0.3	0	0	0	0
chr4:-:140659705-140659806	0.125	0.125	0	0	0	0
chr4:-:140669784-140670719	0.125	0.125	0	0	0	0
chr4:-:186603977-186604382	0.1	0.1	0	0	0	0
chr4:-:39456478-39457585	0.175	0.175	0	0	0	0
chr4:-:39931629-39976439	0.1	0.1	0	0	0	0
chr4:-:57040933-57109901	0.275	0.275	0	0	0	0
chr4:-:6708643-6709225	0.325	0.325	0	0	0	0
chr4:-:77066401-77075471	0.15	0.15	0	0	0	0
chr4:-:82356683-82356801	0.1	0.1	0	0	0	0
chr4:-:82425794-82426036	0.35	0.35	0	0	0	0
chr5:+:133091374-133092702	0.125	0.125	0	0	0	0
chr5:+:150535025-150535699	0.125	0.125	0	0	0	0
chr5:+:150551894-150553212	0.1	0.1	0	0	0	0
chr5:+:171390088-171391304	0.125	0.125	0	0	0	0
chr5:+:179709059-179709878	0.35	0.35	0	0	0	0
chr5:+:179824211-179824290	0.3	0.3	0	0	0	0
chr5:+:179826291-179833031	0.4	0.4	0	0	0	0
chr5:+:283079-283316	0.1	0.1	0	0	0	0
chr5:+:293482-293932	0.15	0.15	0	0	0	0
chr5:+:307218-307326	0.125	0.125	0	0	0	0
chr5:+:307218-307419	0.125	0.125	0	0	0	0
chr5:+:307233-307326	0.35	0.35	0	0	0	0
chr5:+:32588584-32591568	0.375	0.375	0	0	0	0
chr5:+:83538200-83538386	0.25	0.25	0	0	0	0
chr5:+:83538200-83538848	0.15	0.15	0	0	0	0
chr5:-:132937740-132963258	0.45	0.45	0	0	0	0
chr5:-:1339002-1341670	0.4	0.4	0	0	0	0
chr5:-:1477718-1477922	0.15	0.15	0	0	0	0
chr5:-:149500056-149500225	0.2	0.2	0	0	0	0
chr5:-:149502456-149502622	0.175	0.175	0	0	0	0
chr5:-:149550965-149551094	0.2	0.2	0	0	0	0
chr5:-:150402020-150402562	0.925	0.925	0	0	0	0
chr5:-:150402172-150402562	0.45	0.45	0	0	0	0
chr5:-:150402623-150404679	0.1	0.1	0	0	0	0
chr5:-:150405162-150406258	0.1	0.1	0	0	0	0
chr5:-:150444351-150445608	0.175	0.175	0	0	0	0
chr5:-:150446963-150447673	0.2	0.2	0	0	0	0
chr5:-:151663109-151663257	0.1	0.1	0	0	0	0
chr5:-:151664235-151671582	0.15	0.15	0	0	0	0
chr5:-:151669727-151671572	0.1	0.1	0	0	0	0
chr5:-:151673141-151674644	0.175	0.175	0	0	0	0
chr5:-:151673189-151674641	0.375	0.375	0	0	0	0
chr5:-:151673189-151674644	0.1	0.1	0	0	0	0
chr5:-:151674671-151676131	0.85	0.85	0	0	0	0
chr5:-:177467059-177467254	0.1	0.1	0	0	0	0
chr5:-:179614777-179615545	0.5	0.5	0	0	0	0
chr5:-:179616880-179617032	0.15	0.15	0	0	0	0
chr5:-:179865885-179867777	0.125	0.125	0	0	0	0
chr5:-:179866229-179866253	0.125	0.125	0	0	0	0
chr5:-:42804711-42806895	0.125	0.125	0	0	0	0
chr5:-:77693348-77708241	0.1	0.1	0	0	0	0
chr6:+:132814782-132815015	0.2	0.2	0	0	0	0
chr6:+:132814782-132815017	0.1	0.1	0	0	0	0
chr6:+:144286571-144291736	0.375	0.375	0	0	0	0
chr6:+:144422033-144423548	0.1	0.1	0	0	0	0
chr6:+:144448668-144451369	0.125	0.125	0	0	0	0
chr6:+:144453869-144458772	0.525	0.525	0	0	0	0
chr6:+:158232303-158282262	0.525	0.525	0	0	0	0
chr6:+:21594328-21594867	0.125	0.125	0	0	0	0
chr6:+:26156475-26156760	0.325	0.325	0	0	0	0
chr6:+:26156921-26157011	0.125	0.125	0	0	0	0
chr6:+:29724082-29724189	0.1	0.1	0	0	0	0
chr6:+:29942626-29942868	0.175	0.175	0	0	0	0
chr6:+:29942772-29942868	0.25	0.25	0	0	0	0
chr6:+:30489995-30490313	0.7	0.7	0	0	0	0
chr6:+:30493191-30493223	0.125	0.125	0	0	0	0
chr6:+:30493818-30493987	0.1	0.1	0	0	0	0
chr6:+:30724419-30724472	0.1	0.1	0	0	0	0
chr6:+:30899290-30899519	0.3	0.3	0	0	0	0
chr6:+:30899433-30899519	0.35	0.35	0	0	0	0
chr6:+:31626862-31626984	0.4	0.4	0	0	0	0
chr6:+:31628181-31629143	0.1	0.1	0	0	0	0
chr6:+:31947843-31947955	0.25	0.25	0	0	0	0
chr6:+:32440032-32442450	0.5	0.5	0	0	0	0
chr6:+:32976169-32976257	0.2	0.2	0	0	0	0
chr6:+:32978005-32978164	0.15	0.15	0	0	0	0
chr6:+:33272122-33272634	0.2	0.2	0	0	0	0
chr6:+:33275883-33275991	0.5	0.5	0	0	0	0
chr6:+:33289620-33289838	0.175	0.175	0	0	0	0
chr6:+:33290244-33290715	0.125	0.125	0	0	0	0
chr6:+:35468439-35468801	0.6	0.6	0	0	0	0
chr6:+:35469027-35469435	0.35	0.35	0	0	0	0
chr6:+:35469529-35470247	0.125	0.125	0	0	0	0
chr6:+:36490297-36490610	0.15	0.15	0	0	0	0
chr6:+:37962591-37962657	0.15	0.15	0	0	0	0
chr6:+:41789332-41789567	0.175	0.175	0	0	0	0
chr6:+:42880966-42883453	0.175	0.175	0	0	0	0
chr6:+:42934598-42935411	0.7	0.7	0	0	0	0
chr6:+:42935473-42935573	0.6	0.6	0	0	0	0
chr6:+:44253378-44253500	0.1	0.1	0	0	0	0
chr6:+:7563786-7565362	0.1	0.1	0	0	0	0
chr6:+:7580240-7582641	0.375	0.375	0	0	0	0
chr6:-:106971194-106971250	0.225	0.225	0	0	0	0
chr6:-:106971823-106974577	0.225	0.225	0	0	0	0
chr6:-:131949557-131949948	0.325	0.325	0	0	0	0
chr6:-:13632518-13634430	0.15	0.15	0	0	0	0
chr6:-:158637894-158644681	0.125	0.125	0	0	0	0
chr6:-:159680675-159680810	0.175	0.175	0	0	0	0
chr6:-:26056008-26056359	0.15	0.15	0	0	0	0
chr6:-:27867001-27867106	0.1	0.1	0	0	0	0
chr6:-:31269368-31269499	0.1	0.1	0	0	0	0
chr6:-:31269381-31269492	0.625	0.625	0	0	0	0
chr6:-:31269525-31270209	0.25	0.25	0	0	0	0
chr6:-:31270438-31271072	0.225	0.225	0	0	0	0
chr6:-:31354522-31354632	0.45	0.45	0	0	0	0
chr6:-:31356885-31357085	0.1	0.1	0	0	0	0
chr6:-:31530926-31531109	0.375	0.375	0	0	0	0
chr6:-:31531181-31531295	0.8	0.8	0	0	0	0
chr6:-:31534854-31535366	0.125	0.125	0	0	0	0
chr6:-:31536683-31538752	0.225	0.225	0	0	0	0
chr6:-:32117104-32117322	0.425	0.425	0	0	0	0
chr6:-:32119948-32120770	0.15	0.15	0	0	0	0
chr6:-:32518666-32520163	0.325	0.325	0	0	0	0
chr6:-:33300401-33300705	0.625	0.625	0	0	0	0
chr6:-:33300535-33300840	0.125	0.125	0	0	0	0
chr6:-:33301313-33301448	0.2	0.2	0	0	0	0
chr6:-:33301767-33303954	0.275	0.275	0	0	0	0
chr6:-:33301771-33304296	0.15	0.15	0	0	0	0
chr6:-:33304315-33305013	0.25	0.25	0	0	0	0
chr6:-:33305061-33305222	0.175	0.175	0	0	0	0
chr6:-:33305075-33305222	0.2	0.2	0	0	0	0
chr6:-:34646798-34649708	0.1	0.1	0	0	0	0
chr6:-:36540204-36547189	0.7	0.7	0	0	0	0
chr6:-:52266693-52267864	0.15	0.15	0	0	0	0
chr6:-:73517905-73518029	0.175	0.175	0	0	0	0
chr6:-:73518242-73518353	0.225	0.225	0	0	0	0
chr6:-:73518535-73518697	0.25	0.25	0	0	0	0
chr6:-:73518610-73518700	0.175	0.175	0	0	0	0
chr6:-:73518716-73518751	0.125	0.125	0	0	0	0
chr6:-:73518716-73519971	0.175	0.175	0	0	0	0
chr6:-:73519977-73520999	0.125	0.125	0	0	0	0
chr6:-:75102637-75105213	0.1	0.1	0	0	0	0
chr6:-:75165779-75177662	0.925	0.925	0	0	0	0
chr6:-:99410925-99412550	0.575	0.575	0	0	0	0
chr6:-:99414686-99416348	0.925	0.925	0	0	0	0
chr7:+:100031100-100033304	0.675	0.675	0	0	0	0
chr7:+:100033825-100034077	0.225	0.225	0	0	0	0
chr7:+:100038930-100039247	0.15	0.15	0	0	0	0
chr7:+:143381409-143381559	0.875	0.875	0	0	0	0
chr7:+:157163863-157169051	0.125	0.125	0	0	0	0
chr7:+:157163863-157170303	0.125	0.125	0	0	0	0
chr7:+:16776363-16777077	0.125	0.125	0	0	0	0
chr7:+:16777122-16777803	0.1	0.1	0	0	0	0
chr7:+:23260138-23260460	0.225	0.225	0	0	0	0
chr7:+:23260138-23260487	0.2	0.2	0	0	0	0
chr7:+:23273614-23274053	0.45	0.45	0	0	0	0
chr7:+:2379511-2380283	0.45	0.45	0	0	0	0
chr7:+:2379511-2380414	0.175	0.175	0	0	0	0
chr7:+:30924428-30925018	0.125	0.125	0	0	0	0
chr7:+:35831496-35832803	0.475	0.475	0	0	0	0
chr7:+:35832863-35863551	0.1	0.1	0	0	0	0
chr7:+:44106670-44106769	0.25	0.25	0	0	0	0
chr7:+:44107931-44108008	0.15	0.15	0	0	0	0
chr7:+:44108084-44109106	0.325	0.325	0	0	0	0
chr7:+:44111035-44111153	0.1	0.1	0	0	0	0
chr7:+:44114072-44114096	0.6	0.6	0	0	0	0
chr7:+:44799871-44801286	0.325	0.325	0	0	0	0
chr7:+:74194878-74195170	0.2	0.2	0	0	0	0
chr7:+:74674345-74689123	0.1	0.1	0	0	0	0
chr7:+:94398160-94398381	0.325	0.325	0	0	0	0
chr7:+:94400259-94410438	0.125	0.125	0	0	0	0
chr7:+:94404875-94408797	0.125	0.125	0	0	0	0
chr7:+:94408219-94408806	0.15	0.15	0	0	0	0
chr7:+:94408797-94410510	0.375	0.375	0	0	0	0
chr7:+:94408823-94410438	0.2	0.2	0	0	0	0
chr7:+:94412113-94412638	0.125	0.125	0	0	0	0
chr7:+:94413921-94414240	0.15	0.15	0	0	0	0
chr7:+:94413921-94416468	0.1	0.1	0	0	0	0
chr7:+:94416423-94417787	0.2	0.2	0	0	0	0
chr7:+:94419543-94423002	0.375	0.375	0	0	0	0
chr7:+:94420405-94420622	0.1	0.1	0	0	0	0
chr7:+:94421027-94425637	0.1	0.1	0	0	0	0
chr7:+:94422984-94425637	0.1	0.1	0	0	0	0
chr7:+:94422984-94427663	0.1	0.1	0	0	0	0
chr7:+:94424372-94427026	0.2	0.2	0	0	0	0
chr7:+:94425198-94427026	0.175	0.175	0	0	0	0
chr7:+:94425663-94425795	0.275	0.275	0	0	0	0
chr7:+:94425663-94426449	0.175	0.175	0	0	0	0
chr7:+:94426513-94427007	0.175	0.175	0	0	0	0
chr7:+:94427678-94427794	0.125	0.125	0	0	0	0
chr7:-:100098290-100098566	0.175	0.175	0	0	0	0
chr7:-:106093554-106093892	0.1	0.1	0	0	0	0
chr7:-:140470216-140471882	0.1	0.1	0	0	0	0
chr7:-:23528290-23528749	0.1	0.1	0	0	0	0
chr7:-:26190460-26192494	0.5	0.5	0	0	0	0
chr7:-:26193694-26195866	0.125	0.125	0	0	0	0
chr7:-:26194135-26194438	0.1	0.1	0	0	0	0
chr7:-:26197730-26197830	0.1	0.1	0	0	0	0
chr7:-:47409276-47409337	0.1	0.1	0	0	0	0
chr7:-:47442055-47473218	0.475	0.475	0	0	0	0
chr7:-:47473321-47481102	0.475	0.475	0	0	0	0
chr7:-:47474596-47474841	0.15	0.15	0	0	0	0
chr7:-:47474778-47474812	0.1	0.1	0	0	0	0
chr7:-:47536295-47536362	0.15	0.15	0	0	0	0
chr7:-:5394595-5397121	0.35	0.35	0	0	0	0
chr7:-:5394595-5423440	0.425	0.425	0	0	0	0
chr7:-:6026957-6028614	0.2	0.2	0	0	0	0
chr7:-:6042990-6044561	0.775	0.775	0	0	0	0
chr7:-:99394773-99396375	0.225	0.225	0	0	0	0
chr7:-:99404949-99408535	0.275	0.275	0	0	0	0
chr7:-:99968286-99971745	0.325	0.325	0	0	0	0
chr7:-:99968413-99971745	0.2	0.2	0	0	0	0
chr7:-:99971911-99975944	0.125	0.125	0	0	0	0
chr8:+:103375959-103382457	0.15	0.15	0	0	0	0
chr8:+:108453147-108469825	0.225	0.225	0	0	0	0
chr8:+:119208604-119240164	0.2	0.2	0	0	0	0
chr8:+:143020991-143021317	0.1	0.1	0	0	0	0
chr8:+:143739705-143739858	0.4	0.4	0	0	0	0
chr8:+:143991804-143991949	0.275	0.275	0	0	0	0
chr8:+:69603313-69603599	0.325	0.325	0	0	0	0
chr8:+:69623730-69623762	0.4	0.4	0	0	0	0
chr8:+:69626143-69626260	0.475	0.475	0	0	0	0
chr8:+:86381629-86402018	0.375	0.375	0	0	0	0
chr8:+:86398479-86398574	0.475	0.475	0	0	0	0
chr8:+:86514595-86515461	0.1	0.1	0	0	0	0
chr8:-:100717888-100718187	0.15	0.15	0	0	0	0
chr8:-:100952128-100952849	0.175	0.175	0	0	0	0
chr8:-:100953149-100953268	0.2	0.2	0	0	0	0
chr8:-:115443068-115443242	0.175	0.175	0	0	0	0
chr8:-:115493459-115493593	0.1	0.1	0	0	0	0
chr8:-:115539579-115539732	0.125	0.125	0	0	0	0
chr8:-:115547946-115548258	0.1	0.1	0	0	0	0
chr8:-:115603504-115603872	0.175	0.175	0	0	0	0
chr8:-:115619182-115619971	0.125	0.125	0	0	0	0
chr8:-:115620060-115623614	0.775	0.775	0	0	0	0
chr8:-:115620060-115637233	0.225	0.225	0	0	0	0
chr8:-:115620060-115661569	0.4	0.4	0	0	0	0
chr8:-:115637330-115661569	0.125	0.125	0	0	0	0
chr8:-:115637330-115668544	0.65	0.65	0	0	0	0
chr8:-:115662655-115668544	0.1	0.1	0	0	0	0
chr8:-:11842867-11843179	0.1	0.1	0	0	0	0
chr8:-:11844820-11845081	0.35	0.35	0	0	0	0
chr8:-:11850978-11852609	0.1	0.1	0	0	0	0
chr8:-:133252585-133252625	0.175	0.175	0	0	0	0
chr8:-:143580705-143581053	0.125	0.125	0	0	0	0
chr8:-:143583276-143586218	0.175	0.175	0	0	0	0
chr8:-:143595019-143595183	0.1	0.1	0	0	0	0
chr8:-:143730597-143732407	0.1	0.1	0	0	0	0
chr8:-:143730597-143732830	0.1	0.1	0	0	0	0
chr8:-:143916425-143916881	0.125	0.125	0	0	0	0
chr8:-:143917739-143917967	0.175	0.175	0	0	0	0
chr8:-:143917739-143918468	0.15	0.15	0	0	0	0
chr8:-:143917853-143918582	0.125	0.125	0	0	0	0
chr8:-:143928447-143928523	0.325	0.325	0	0	0	0
chr8:-:143928447-143928675	0.15	0.15	0	0	0	0
chr8:-:143928486-143928563	0.15	0.15	0	0	0	0
chr8:-:143928523-143928599	0.6	0.6	0	0	0	0
chr8:-:143928599-143928675	0.275	0.275	0	0	0	0
chr8:-:143931289-143931402	0.125	0.125	0	0	0	0
chr8:-:143931649-143931936	0.125	0.125	0	0	0	0
chr8:-:143932951-143933196	0.1	0.1	0	0	0	0
chr8:-:144398635-144398778	0.3	0.3	0	0	0	0
chr8:-:144401673-144402866	0.6	0.6	0	0	0	0
chr8:-:144402990-144405164	0.125	0.125	0	0	0	0
chr8:-:144402990-144409014	0.15	0.15	0	0	0	0
chr8:-:144405295-144409014	0.55	0.55	0	0	0	0
chr8:-:144426059-144426179	0.225	0.225	0	0	0	0
chr8:-:144790455-144791276	0.3	0.3	0	0	0	0
chr8:-:27604392-27604923	0.5	0.5	0	0	0	0
chr8:-:30066910-30069641	0.175	0.175	0	0	0	0
chr8:-:47839249-47840015	0.825	0.825	0	0	0	0
chr8:-:47858980-47859610	0.275	0.275	0	0	0	0
chr8:-:61619019-61637946	0.225	0.225	0	0	0	0
chr8:-:61647057-61651049	0.15	0.15	0	0	0	0
chr8:-:67059445-67061845	0.225	0.225	0	0	0	0
chr8:-:67211615-67216607	0.375	0.375	0	0	0	0
chr8:-:70598252-70600018	0.375	0.375	0	0	0	0
chr8:-:73292396-73292688	0.275	0.275	0	0	0	0
chr8:-:80053426-80064477	0.1	0.1	0	0	0	0
chr8:-:96233221-96235511	0.25	0.25	0	0	0	0
chr8:-:99887618-99893638	0.2	0.2	0	0	0	0
chr8:-:99892047-99893442	0.125	0.125	0	0	0	0
chr8:-:99892052-99892264	0.1	0.1	0	0	0	0
chr9:+:121318434-121328919	0.1	0.1	0	0	0	0
chr9:+:121318494-121318771	0.15	0.15	0	0	0	0
chr9:+:122941088-122957010	0.15	0.15	0	0	0	0
chr9:+:124341378-124341424	0.275	0.275	0	0	0	0
chr9:+:128689251-128689466	0.1	0.1	0	0	0	0
chr9:+:128694001-128694640	0.425	0.425	0	0	0	0
chr9:+:128694001-128694650	0.125	0.125	0	0	0	0
chr9:+:130108814-130108838	0.15	0.15	0	0	0	0
chr9:+:131444328-131447084	0.6	0.6	0	0	0	0
chr9:+:131455166-131459169	0.75	0.75	0	0	0	0
chr9:+:131459356-131464765	0.575	0.575	0	0	0	0
chr9:+:131464985-131467562	0.15	0.15	0	0	0	0
chr9:+:131486182-131486480	0.35	0.35	0	0	0	0
chr9:+:131486541-131487166	0.35	0.35	0	0	0	0
chr9:+:133349042-133349555	0.275	0.275	0	0	0	0
chr9:+:133350052-133350242	0.2	0.2	0	0	0	0
chr9:+:133350319-133350656	0.75	0.75	0	0	0	0
chr9:+:133350635-133350662	0.1	0.1	0	0	0	0
chr9:+:133350719-133351001	0.475	0.475	0	0	0	0
chr9:+:134728798-134730235	0.575	0.575	0	0	0	0
chr9:+:134765717-134774876	0.15	0.15	0	0	0	0
chr9:+:134798576-134798660	0.3	0.3	0	0	0	0
chr9:+:134812712-134814823	0.125	0.125	0	0	0	0
chr9:+:134820161-134824638	0.3	0.3	0	0	0	0
chr9:+:33900271-33917017	0.25	0.25	0	0	0	0
chr9:+:88415699-88416342	0.1	0.1	0	0	0	0
chr9:+:93497599-93498794	0.175	0.175	0	0	0	0
chr9:+:93498886-93515669	0.875	0.875	0	0	0	0
chr9:+:93516269-93523279	0.125	0.125	0	0	0	0
chr9:+:93523363-93527154	0.35	0.35	0	0	0	0
chr9:+:93529580-93532185	0.1	0.1	0	0	0	0
chr9:+:98005153-98011273	0.1	0.1	0	0	0	0
chr9:-:122148277-122159626	0.1	0.1	0	0	0	0
chr9:-:132311856-132326952	0.2	0.2	0	0	0	0
chr9:-:132353755-132354650	0.2	0.2	0	0	0	0
chr9:-:136447361-136447568	0.25	0.25	0	0	0	0
chr9:-:136466384-136466956	0.325	0.325	0	0	0	0
chr9:-:136474727-136474887	0.275	0.275	0	0	0	0
chr9:-:137039645-137039730	0.1	0.1	0	0	0	0
chr9:-:137040155-137040356	0.25	0.25	0	0	0	0
chr9:-:19376589-19378367	0.575	0.575	0	0	0	0
chr9:-:19376651-19378392	0.7	0.7	0	0	0	0
chr9:-:19378506-19378707	0.25	0.25	0	0	0	0
chr9:-:19378509-19378701	0.175	0.175	0	0	0	0
chr9:-:19378511-19378707	0.775	0.775	0	0	0	0
chr9:-:19378802-19379486	0.5	0.5	0	0	0	0
chr9:-:19378864-19379486	0.125	0.125	0	0	0	0
chr9:-:19379599-19380189	0.25	0.25	0	0	0	0
chr9:-:35684807-35685063	0.975	0.975	0	0	0	0
chr9:-:83971999-83972059	0.1	0.1	0	0	0	0
chr9:-:83977771-83978194	0.15	0.15	0	0	0	0
chrX:+:101391564-101391759	0.175	0.175	0	0	0	0
chrX:+:101391822-101395727	0.2	0.2	0	0	0	0
chrX:+:101408307-101411935	0.65	0.65	0	0	0	0
chrX:+:118741156-118749657	0.125	0.125	0	0	0	0
chrX:+:118770670-118773878	0.125	0.125	0	0	0	0
chrX:+:119469766-119469976	0.1	0.1	0	0	0	0
chrX:+:135032575-135032897	0.125	0.125	0	0	0	0
chrX:+:153506639-153506862	0.375	0.375	0	0	0	0
chrX:+:153508447-153508516	0.1	0.1	0	0	0	0
chrX:+:154399941-154400474	0.3	0.3	0	0	0	0
chrX:+:154399941-154400557	0.375	0.375	0	0	0	0
chrX:+:154400626-154400716	0.475	0.475	0	0	0	0
chrX:+:154435505-154435687	0.1	0.1	0	0	0	0
chrX:+:23783417-23783660	0.25	0.25	0	0	0	0
chrX:+:24057548-24057641	0.225	0.225	0	0	0	0
chrX:+:24068108-24071560	0.125	0.125	0	0	0	0
chrX:+:41345324-41345449	0.225	0.225	0	0	0	0
chrX:+:47194024-47196946	0.1	0.1	0	0	0	0
chrX:+:47197024-47198802	0.35	0.35	0	0	0	0
chrX:+:54809844-54809880	0.2	0.2	0	0	0	0
chrX:+:54814775-54815256	0.2	0.2	0	0	0	0
chrX:+:54815678-54815880	0.225	0.225	0	0	0	0
chrX:+:71533336-71536213	0.2	0.2	0	0	0	0
chrX:-:103678620-103685170	0.525	0.525	0	0	0	0
chrX:-:119789999-119791573	0.125	0.125	0	0	0	0
chrX:-:120456769-120468901	0.125	0.125	0	0	0	0
chrX:-:154348763-154348877	0.125	0.125	0	0	0	0
chrX:-:154349858-154350030	0.1	0.1	0	0	0	0
chrX:-:154351038-154351580	0.125	0.125	0	0	0	0
chrX:-:154351950-154352883	0.475	0.475	0	0	0	0
chrX:-:154352908-154353000	0.15	0.15	0	0	0	0
chrX:-:154354039-154354150	0.275	0.275	0	0	0	0
chrX:-:154354483-154354824	0.2	0.2	0	0	0	0
chrX:-:154359150-154359245	0.15	0.15	0	0	0	0
chrX:-:154361457-154362302	0.25	0.25	0	0	0	0
chrX:-:154365436-154366373	0.1	0.1	0	0	0	0
chrX:-:154365486-154366307	0.225	0.225	0	0	0	0
chrX:-:154366221-154366307	0.3	0.3	0	0	0	0
chrX:-:154366422-154366767	0.125	0.125	0	0	0	0
chrX:-:154366446-154366561	0.225	0.225	0	0	0	0
chrX:-:53551189-53551313	0.225	0.225	0	0	0	0
chrX:-:53562244-53563745	0.125	0.125	0	0	0	0
chrX:-:53680186-53683369	0.35	0.35	0	0	0	0
chrX:-:72273389-72273867	0.125	0.125	0	0	0	0
chrX:-:72273966-72275052	0.325	0.325	0	0	0	0
